"keywords";"objects";;"&22=1(CMS_HTML-1)";;"1"
"keywords";"diagrams";;"&22=1(CMS_HTML-1)";;"1"
"keywords";"sounds";;"&22=1(CMS_HTML-1)";;"1"
"keywords";"texts";;"&22=1(CMS_HTML-1)";;"1"
"keywords";"electronic";;"&22=1(CMS_HTML-1)";;"1"
"keywords";"printed";;"&22=1(CMS_HTML-1)";;"1"
"keywords";"publications";;"&22=1(CMS_HTML-1)";;"1"
"keywords";"permitted";;"&22=2(CMS_HTML-1)";;"1"
"keywords";"authors";;"&22=1(CMS_HTML-1)";;"1"
"keywords";"agreement";;"&22=1(CMS_HTML-1)";;"1"
"keywords";"privacy";;"&22=1(CMS_HTML-1)";;"1"
"keywords";"policy";;"&22=1(CMS_HTML-1)";;"1"
"keywords";"opportunity";;"&22=1(CMS_HTML-1)";;"1"
"keywords";"input";;"&22=2(CMS_HTML-1)";;"1"
"keywords";"personal";;"&22=2(CMS_HTML-1)";;"1"
"keywords";"business";;"&22=1(CMS_HTML-1)";;"1"
"keywords";"data";;"&22=4(CMS_HTML-1)";;"1"
"keywords";"email";;"&22=2(CMS_HTML-1)";;"1"
"keywords";"name";;"&22=1(CMS_HTML-1)";;"1"
"keywords";"given";;"&22=1(CMS_HTML-1)";;"1"
"keywords";"takes";;"&22=1(CMS_HTML-1)";;"1"
"keywords";"place";;"&22=1(CMS_HTML-1)";;"1"
"keywords";"voluntarily";;"&22=1(CMS_HTML-1)";;"1"
"keywords";"payment";;"&22=1(CMS_HTML-1)";;"1"
"keywords";"offered";;"&22=1(CMS_HTML-1)";;"1"
"keywords";"services";;"&22=1(CMS_HTML-1)";;"1"
"keywords";"far";;"&22=1(CMS_HTML-1)";;"1"
"keywords";"technically";;"&22=1(CMS_HTML-1)";;"1"
"keywords";"reasonable";;"&22=1(CMS_HTML-1)";;"1"
"keywords";"specification";;"&22=2(CMS_HTML-1)";;"1"
"keywords";"under";;"&22=1(CMS_HTML-1)";;"1"
"keywords";"anonymized";;"&22=1(CMS_HTML-1)";;"1"
"keywords";"alias";;"&22=1(CMS_HTML-1)";;"1"
"keywords";"postal";;"&22=1(CMS_HTML-1)";;"1"
"keywords";"telephone";;"&22=1(CMS_HTML-1)";;"1"
"keywords";"fax";;"&22=1(CMS_HTML-1)";;"1"
"keywords";"numbers";;"&22=1(CMS_HTML-1)";;"1"
"keywords";"marketing";;"&22=1(CMS_HTML-1)";;"1"
"keywords";"purposes";;"&22=1(CMS_HTML-1)";;"1"
"keywords";"prohibited";;"&22=1(CMS_HTML-1)";;"1"
"keywords";"offenders";;"&22=1(CMS_HTML-1)";;"1"
"keywords";"sending";;"&22=1(CMS_HTML-1)";;"1"
"keywords";"unwanted";;"&22=1(CMS_HTML-1)";;"1"
"keywords";"spam";;"&22=1(CMS_HTML-1)";;"1"
"keywords";"punished";;"&22=1(CMS_HTML-1)";;"1"
"keywords";"legal";;"&22=2(CMS_HTML-1)";;"1"
"keywords";"validity";;"&22=2(CMS_HTML-1)";;"1"
"keywords";"regarded";;"&22=1(CMS_HTML-1)";;"1"
"keywords";"part";;"&22=1(CMS_HTML-1)";;"1"
"keywords";"internet";;"&22=1(CMS_HTML-1)";;"1"
"keywords";"were";;"&22=1(CMS_HTML-1)";;"1"
"keywords";"sections";;"&22=1(CMS_HTML-1)";;"1"
"keywords";"terms";;"&22=1(CMS_HTML-1)";;"1"
"keywords";"statement";;"&22=1(CMS_HTML-1)";;"1"
"keywords";"correct";;"&22=1(CMS_HTML-1)";;"1"
"keywords";"remain";;"&22=1(CMS_HTML-1)";;"1"
"keywords";"uninfluenced";;"&22=1(CMS_HTML-1)";;"1"
"keywords";"fact";;"&22=1(CMS_HTML-1)";;"1"
"keywords";"error";;"&4=1(CMS_HTMLHEAD-1)";;"1"
"keywords";"oops";;"&4=1(CMS_HTMLHEAD-2)";;"1"
"keywords";"should";;"&4=1(CMS_HTMLHEAD-2)";;"1"
"keywords";"happened";;"&4=1(CMS_HTMLHEAD-2)";;"1"
"keywords";"dear";;"&4=1(CMS_HTML-1)";;"1"
"keywords";"requested";;"&4=1(CMS_HTML-1)";;"1"
"keywords";"currently";;"&4=1(CMS_HTML-1)";;"1"
"keywords";"longer";;"&4=1(CMS_HTML-1)";;"1"
"keywords";"try";;"&4=1(CMS_HTML-1)";;"1"
"keywords";"again";;"&4=1(CMS_HTML-1)";;"1"
"keywords";"time";;"&4=1(CMS_HTML-1)";;"1"
"keywords";"reach";;"&4=1(CMS_HTML-1)";;"1"
"keywords";"desired";;"&4=1(CMS_HTML-1)";;"1"
"keywords";"smartylike";;"&5=1(CMS_HTML-1)";;"1"
"keywords";"achieved";;"&6=1(CMS_HTML-1)";;"1"
"keywords";"basis";;"&6=1(CMS_HTML-1)";;"1"
"keywords";"cost";;"&6=1(CMS_HTML-1)";;"1"
"keywords";"navigated";;"&9=1(CMS_HTML-1)";;"1"
"keywords";"clicks";;"&9=1(CMS_HTML-1)";;"1"
"keywords";"october";;"&18=1(CMS_DATE-1)";;"1"
