"keywords";"davon";;"&22=1(CMS_HTML-1)";;"1"
"keywords";"design";;"&22=1(CMS_HTML-1)";;"1"
"keywords";"freien";;"&22=1(CMS_HTML-1)";;"1"
"keywords";"bilder";;"&22=1(CMS_HTML-1)&9=3(CMS_HTML-1)";;"1"
"keywords";"frankfurt";;"&22=2(CMS_HTML-1)";;"1"
"keywords";"firma";;"&22=1(CMS_HTML-1)";;"1"
"keywords";"mmd";;"&22=1(CMS_HTML-1)";;"1"
"keywords";"kg";;"&22=2(CMS_HTML-1)";;"1"
"keywords";"am";;"&22=1(CMS_HTML-1)";;"1"
"keywords";"main";;"&22=1(CMS_HTML-1)";;"1"
"keywords";"gesellschaft";;"&22=1(CMS_HTML-1)";;"1"
"keywords";"multimediale";;"&22=1(CMS_HTML-1)";;"1"
"keywords";"unternehmenskommunikation";;"&22=1(CMS_HTML-1)";;"1"
"keywords";"bdquoskyline";;"&22=1(CMS_HTML-1)";;"1"
"keywords";"fehlerseite";;"&4=1(CMS_HTMLHEAD-1)";;"1"
"keywords";"ups";;"&4=1(CMS_HTMLHEAD-2)";;"1"
"keywords";"passieren";;"&4=1(CMS_HTMLHEAD-2)";;"1"
"keywords";"sollen";;"&4=1(CMS_HTMLHEAD-2)";;"1"
"keywords";"lieber";;"&4=1(CMS_HTML-1)";;"1"
"keywords";"gast";;"&4=1(CMS_HTML-1)";;"1"
"keywords";"ihnen";;"&4=2(CMS_HTML-1)";;"1"
"keywords";"aufgerufene";;"&4=1(CMS_HTML-1)";;"1"
"keywords";"steht";;"&4=1(CMS_HTML-1)";;"1"
"keywords";"aktuell";;"&4=1(CMS_HTML-1)";;"1"
"keywords";"versuchen";;"&4=1(CMS_HTML-1)";;"1"
"keywords";"einem";;"&4=1(CMS_HTML-1)";;"1"
"keywords";"nochmal";;"&4=1(CMS_HTML-1)";;"1"
"keywords";"benutzen";;"&4=1(CMS_HTML-1)";;"1"
"keywords";"unsere";;"&4=1(CMS_HTML-1)";;"1"
"keywords";"navigation";;"&4=1(CMS_HTML-1)";;"1"
"keywords";"erreichen";;"&4=1(CMS_HTML-1)";;"1"
"keywords";"bdquosimple";;"&9=2(CMS_HTMLHEAD-2,CMS_HTML-1)";;"1"
"keywords";"galleryrdquo";;"&9=2(CMS_HTMLHEAD-2,CMS_HTML-1)";;"1"
"keywords";"stellt";;"&9=1(CMS_HTML-1)";;"1"
"keywords";"galerie";;"&9=3(CMS_HTML-1)";;"1"
"keywords";"durchklicken";;"&9=1(CMS_HTML-1)";;"1"
"keywords";"dar";;"&9=1(CMS_HTML-1)";;"1"
"keywords";"wobei";;"&9=1(CMS_HTML-1)";;"1"
"keywords";"jedes";;"&9=1(CMS_HTML-1)";;"1"
"keywords";"bild";;"&9=1(CMS_HTML-1)&15=1(CMS_HTML-1)";;"1"
"keywords";"beschreibung";;"&9=3(CMS_HTML-1)";;"1"
"keywords";"dateiverwaltung";;"&9=1(CMS_HTML-1)&15=1(CMS_HTML-1)";;"1"
"keywords";"bildeigenschaften";;"&9=1(CMS_HTML-1)";;"1"
"keywords";"wird";;"&9=4(CMS_HTML-1)";;"1"
"keywords";"eigene";;"&9=1(CMS_HTML-1)";;"1"
"keywords";"allgemeine";;"&9=1(CMS_HTML-1)";;"1"
"keywords";"konfiguration";;"&9=2(CMS_HTML-1)";;"1"
"keywords";"artikels";;"&9=1(CMS_HTML-1)";;"1"
"keywords";"kategorie";;"&9=1(CMS_HTML-1)";;"1"
"keywords";"popup";;"&9=2(CMS_HTML-1)";;"1"
"keywords";"lightbox";;"&9=1(CMS_HTML-1)";;"1"
"keywords";"anzeigen";;"&9=1(CMS_HTML-1)&18=1(CMS_LINKDESCR-1)";;"1"
"keywords";"mobilen";;"&9=1(CMS_HTML-1)";;"1"
"keywords";"automatisch";;"&9=1(CMS_HTML-1)";;"1"
"keywords";"je";;"&9=1(CMS_HTML-1)";;"1"
"keywords";"einstellung";;"&9=1(CMS_HTML-1)";;"1"
"keywords";"dargestellt";;"&9=1(CMS_HTML-1)";;"1"
"keywords";"thumbnails";;"&9=1(CMS_HTML-1)";;"1"
"keywords";"miniaturbilder";;"&9=1(CMS_HTML-1)";;"1"
"keywords";"auswahl";;"&9=1(CMS_HTML-1)";;"1"
"keywords";"aufgelistet";;"&9=1(CMS_HTML-1)";;"1"
"keywords";"news";;"&10=1(CMS_HTMLHEAD-1)&7=1(CMS_HTML-1)&12=1(CMS_HTML-1)";;"1"
"keywords";"newsbeitrag";;"&23=1(CMS_HTMLHEAD-1)&24=1(CMS_HTMLHEAD-1)&25=1(CMS_HTMLHEAD-1)&26=1(CMS_HTMLHEAD-1)";;"1"
"keywords";"lorem";;"&23=2(CMS_HTMLHEAD-2,CMS_HTML-1)&24=2(CMS_HTMLHEAD-2,CMS_HTML-1)&25=2(CMS_HTMLHEAD-2,CMS_HTML-1)&26=2(CMS_HTMLHEAD-2,CMS_HTML-1)";;"1"
"keywords";"ipsum";;"&23=3(CMS_HTMLHEAD-2,CMS_HTML-1)&24=3(CMS_HTMLHEAD-2,CMS_HTML-1)&25=3(CMS_HTMLHEAD-2,CMS_HTML-1)&26=3(CMS_HTMLHEAD-2,CMS_HTML-1)";;"1"
"keywords";"dolor";;"&23=2(CMS_HTML-1)&24=2(CMS_HTML-1)&25=2(CMS_HTML-1)&26=2(CMS_HTML-1)";;"1"
"keywords";"sit";;"&23=2(CMS_HTML-1)&24=2(CMS_HTML-1)&25=2(CMS_HTML-1)&26=2(CMS_HTML-1)";;"1"
"keywords";"amet";;"&23=2(CMS_HTML-1)&24=2(CMS_HTML-1)&25=2(CMS_HTML-1)&26=2(CMS_HTML-1)";;"1"
"keywords";"introivit";;"&23=1(CMS_HTML-1)&24=1(CMS_HTML-1)&25=1(CMS_HTML-1)&26=1(CMS_HTML-1)";;"1"
"keywords";"suam";;"&23=3(CMS_HTML-1)&24=3(CMS_HTML-1)&25=3(CMS_HTML-1)&26=3(CMS_HTML-1)";;"1"
"keywords";"ad";;"&23=7(CMS_HTML-1)&24=7(CMS_HTML-1)&25=7(CMS_HTML-1)&26=7(CMS_HTML-1)";;"1"
"keywords";"nomine";;"&23=1(CMS_HTML-1)&24=1(CMS_HTML-1)&25=1(CMS_HTML-1)&26=1(CMS_HTML-1)";;"1"
"keywords";"sed";;"&23=2(CMS_HTML-1)&24=2(CMS_HTML-1)&25=2(CMS_HTML-1)&26=2(CMS_HTML-1)";;"1"
"keywords";"signa";;"&23=1(CMS_HTML-1)&24=1(CMS_HTML-1)&25=1(CMS_HTML-1)&26=1(CMS_HTML-1)";;"1"
"keywords";"quia";;"&23=3(CMS_HTML-1)&24=3(CMS_HTML-1)&25=3(CMS_HTML-1)&26=3(CMS_HTML-1)";;"1"
"keywords";"quod";;"&23=6(CMS_HTML-1)&24=6(CMS_HTML-1)&25=6(CMS_HTML-1)&26=6(CMS_HTML-1)";;"1"
"keywords";"non";;"&23=6(CMS_HTML-1)&24=6(CMS_HTML-1)&25=6(CMS_HTML-1)&26=6(CMS_HTML-1)";;"1"
"keywords";"ait";;"&23=6(CMS_HTML-1)&24=6(CMS_HTML-1)&25=6(CMS_HTML-1)&26=6(CMS_HTML-1)";;"1"
"keywords";"illos";;"&23=1(CMS_HTML-1)&24=1(CMS_HTML-1)&25=1(CMS_HTML-1)&26=1(CMS_HTML-1)";;"1"
"keywords";"tribunal";;"&23=1(CMS_HTML-1)&24=1(CMS_HTML-1)&25=1(CMS_HTML-1)&26=1(CMS_HTML-1)";;"1"
"keywords";"illum";;"&23=1(CMS_HTML-1)&24=1(CMS_HTML-1)&25=1(CMS_HTML-1)&26=1(CMS_HTML-1)";;"1"
"keywords";"apollonii";;"&23=1(CMS_HTML-1)&24=1(CMS_HTML-1)&25=1(CMS_HTML-1)&26=1(CMS_HTML-1)";;"1"
"keywords";"corporis";;"&23=1(CMS_HTML-1)&24=1(CMS_HTML-1)&25=1(CMS_HTML-1)&26=1(CMS_HTML-1)";;"1"
"keywords";"particularis";;"&23=1(CMS_HTML-1)&24=1(CMS_HTML-1)&25=1(CMS_HTML-1)&26=1(CMS_HTML-1)";;"1"
"keywords";"deducitur";;"&23=1(CMS_HTML-1)&24=1(CMS_HTML-1)&25=1(CMS_HTML-1)&26=1(CMS_HTML-1)";;"1"
"keywords";"potest";;"&23=1(CMS_HTML-1)&24=1(CMS_HTML-1)&25=1(CMS_HTML-1)&26=1(CMS_HTML-1)";;"1"
"keywords";"meum";;"&23=1(CMS_HTML-1)&24=1(CMS_HTML-1)&25=1(CMS_HTML-1)&26=1(CMS_HTML-1)";;"1"
"keywords";"tibi";;"&23=2(CMS_HTML-1)&24=2(CMS_HTML-1)&25=2(CMS_HTML-1)&26=2(CMS_HTML-1)";;"1"
"keywords";"coniungerent";;"&23=2(CMS_HTML-1)&24=2(CMS_HTML-1)&25=2(CMS_HTML-1)&26=2(CMS_HTML-1)";;"1"
"keywords";"praesens";;"&23=2(CMS_HTML-1)&24=2(CMS_HTML-1)&25=2(CMS_HTML-1)&26=2(CMS_HTML-1)";;"1"
"keywords";"permansit";;"&23=1(CMS_HTML-1)&24=1(CMS_HTML-1)&25=1(CMS_HTML-1)&26=1(CMS_HTML-1)";;"1"
"keywords";"cum";;"&23=8(CMS_HTML-1)&24=8(CMS_HTML-1)&25=8(CMS_HTML-1)&26=8(CMS_HTML-1)";;"1"
"keywords";"autem";;"&23=4(CMS_HTML-1)&24=4(CMS_HTML-1)&25=4(CMS_HTML-1)&26=4(CMS_HTML-1)";;"1"
"keywords";"nobiscum";;"&23=1(CMS_HTML-1)&24=1(CMS_HTML-1)&25=1(CMS_HTML-1)&26=1(CMS_HTML-1)";;"1"
"keywords";"ei";;"&23=1(CMS_HTML-1)&24=1(CMS_HTML-1)&25=1(CMS_HTML-1)&26=1(CMS_HTML-1)";;"1"
"keywords";"auri";;"&23=1(CMS_HTML-1)&24=1(CMS_HTML-1)&25=1(CMS_HTML-1)&26=1(CMS_HTML-1)";;"1"
"keywords";"tecum";;"&23=1(CMS_HTML-1)&24=1(CMS_HTML-1)&25=1(CMS_HTML-1)&26=1(CMS_HTML-1)";;"1"
"keywords";"deinde";;"&23=2(CMS_HTML-1)&24=2(CMS_HTML-1)&25=2(CMS_HTML-1)&26=2(CMS_HTML-1)";;"1"
"keywords";"cepit";;"&23=1(CMS_HTML-1)&24=1(CMS_HTML-1)&25=1(CMS_HTML-1)&26=1(CMS_HTML-1)";;"1"
"keywords";"roseo";;"&23=1(CMS_HTML-1)&24=1(CMS_HTML-1)&25=1(CMS_HTML-1)&26=1(CMS_HTML-1)";;"1"
"keywords";"neptunus";;"&23=1(CMS_HTML-1)&24=1(CMS_HTML-1)&25=1(CMS_HTML-1)&26=1(CMS_HTML-1)";;"1"
"keywords";"spatia";;"&23=1(CMS_HTML-1)&24=1(CMS_HTML-1)&25=1(CMS_HTML-1)&26=1(CMS_HTML-1)";;"1"
"keywords";"tribulatione";;"&23=1(CMS_HTML-1)&24=1(CMS_HTML-1)&25=1(CMS_HTML-1)&26=1(CMS_HTML-1)";;"1"
"keywords";"una";;"&23=2(CMS_HTML-1)&24=2(CMS_HTML-1)&25=2(CMS_HTML-1)&26=2(CMS_HTML-1)";;"1"
"keywords";"toto";;"&23=1(CMS_HTML-1)&24=1(CMS_HTML-1)&25=1(CMS_HTML-1)&26=1(CMS_HTML-1)";;"1"
"keywords";"dictum";;"&23=1(CMS_HTML-1)&24=1(CMS_HTML-1)&25=1(CMS_HTML-1)&26=1(CMS_HTML-1)";;"1"
"keywords";"cumque";;"&23=3(CMS_HTML-1)&24=3(CMS_HTML-1)&25=3(CMS_HTML-1)&26=3(CMS_HTML-1)";;"1"
"keywords";"hoc";;"&23=3(CMS_HTML-1)&24=3(CMS_HTML-1)&25=3(CMS_HTML-1)&26=3(CMS_HTML-1)";;"1"
"keywords";"apollonius";;"&23=6(CMS_HTML-1)&24=6(CMS_HTML-1)&25=6(CMS_HTML-1)&26=6(CMS_HTML-1)";;"1"
"keywords";"mihi";;"&23=5(CMS_HTML-1)&24=5(CMS_HTML-1)&25=5(CMS_HTML-1)&26=5(CMS_HTML-1)";;"1"
"keywords";"servitute";;"&23=1(CMS_HTML-1)&24=1(CMS_HTML-1)&25=1(CMS_HTML-1)&26=1(CMS_HTML-1)";;"1"
"keywords";"coniunx";;"&23=2(CMS_HTML-1)&24=2(CMS_HTML-1)&25=2(CMS_HTML-1)&26=2(CMS_HTML-1)";;"1"
"keywords";"efficerer";;"&23=1(CMS_HTML-1)&24=1(CMS_HTML-1)&25=1(CMS_HTML-1)&26=1(CMS_HTML-1)";;"1"
"keywords";"nuptiarum";;"&23=1(CMS_HTML-1)&24=1(CMS_HTML-1)&25=1(CMS_HTML-1)&26=1(CMS_HTML-1)";;"1"
"keywords";"duo";;"&23=1(CMS_HTML-1)&24=1(CMS_HTML-1)&25=1(CMS_HTML-1)&26=1(CMS_HTML-1)";;"1"
"keywords";"adfertur";;"&23=1(CMS_HTML-1)&24=1(CMS_HTML-1)&25=1(CMS_HTML-1)&26=1(CMS_HTML-1)";;"1"
"keywords";"guttae";;"&23=1(CMS_HTML-1)&24=1(CMS_HTML-1)&25=1(CMS_HTML-1)&26=1(CMS_HTML-1)";;"1"
"keywords";"sapientiae";;"&23=1(CMS_HTML-1)&24=1(CMS_HTML-1)&25=1(CMS_HTML-1)&26=1(CMS_HTML-1)";;"1"
"keywords";"ducitur";;"&23=1(CMS_HTML-1)&24=1(CMS_HTML-1)&25=1(CMS_HTML-1)&26=1(CMS_HTML-1)";;"1"
"keywords";"est";;"&23=10(CMS_HTML-1)&24=10(CMS_HTML-1)&25=10(CMS_HTML-1)&26=10(CMS_HTML-1)";;"1"
"keywords";"lucem";;"&23=3(CMS_HTML-1)&24=3(CMS_HTML-1)&25=3(CMS_HTML-1)&26=3(CMS_HTML-1)";;"1"
"keywords";"exitum";;"&23=3(CMS_HTML-1)&24=3(CMS_HTML-1)&25=3(CMS_HTML-1)&26=3(CMS_HTML-1)";;"1"
"keywords";"atque";;"&23=2(CMS_HTML-1)&24=2(CMS_HTML-1)&25=2(CMS_HTML-1)&26=2(CMS_HTML-1)";;"1"
"keywords";"bona";;"&23=1(CMS_HTML-1)&24=1(CMS_HTML-1)&25=1(CMS_HTML-1)&26=1(CMS_HTML-1)";;"1"
"keywords";"delata";;"&23=1(CMS_HTML-1)&24=1(CMS_HTML-1)&25=1(CMS_HTML-1)&26=1(CMS_HTML-1)";;"1"
"keywords";"iuvenis";;"&23=1(CMS_HTML-1)&24=1(CMS_HTML-1)&25=1(CMS_HTML-1)&26=1(CMS_HTML-1)";;"1"
"keywords";"naves";;"&23=2(CMS_HTML-1)&24=2(CMS_HTML-1)&25=2(CMS_HTML-1)&26=2(CMS_HTML-1)";;"1"
"keywords";"rebum";;"&23=1(CMS_HTML-1)&24=1(CMS_HTML-1)&25=1(CMS_HTML-1)&26=1(CMS_HTML-1)";;"1"
"keywords";"scias";;"&23=1(CMS_HTML-1)&24=1(CMS_HTML-1)&25=1(CMS_HTML-1)&26=1(CMS_HTML-1)";;"1"
"keywords";"haec";;"&23=3(CMS_HTML-1)&24=3(CMS_HTML-1)&25=3(CMS_HTML-1)&26=3(CMS_HTML-1)";;"1"
"keywords";"aliquam";;"&23=1(CMS_HTML-1)&24=1(CMS_HTML-1)&25=1(CMS_HTML-1)&26=1(CMS_HTML-1)";;"1"
"keywords";"inlido";;"&23=1(CMS_HTML-1)&24=1(CMS_HTML-1)&25=1(CMS_HTML-1)&26=1(CMS_HTML-1)";;"1"
"keywords";"laetare";;"&23=1(CMS_HTML-1)&24=1(CMS_HTML-1)&25=1(CMS_HTML-1)&26=1(CMS_HTML-1)";;"1"
"keywords";"coepit";;"&23=3(CMS_HTML-1)&24=3(CMS_HTML-1)&25=3(CMS_HTML-1)&26=3(CMS_HTML-1)";;"1"
"keywords";"suscepit";;"&23=1(CMS_HTML-1)&24=1(CMS_HTML-1)&25=1(CMS_HTML-1)&26=1(CMS_HTML-1)";;"1"
"keywords";"pavimento";;"&23=1(CMS_HTML-1)&24=1(CMS_HTML-1)&25=1(CMS_HTML-1)&26=1(CMS_HTML-1)";;"1"
"keywords";"audiens";;"&23=1(CMS_HTML-1)&24=1(CMS_HTML-1)&25=1(CMS_HTML-1)&26=1(CMS_HTML-1)";;"1"
"keywords";"apolloni";;"&23=2(CMS_HTML-1)&24=2(CMS_HTML-1)&25=2(CMS_HTML-1)&26=2(CMS_HTML-1)";;"1"
"keywords";"dicere";;"&23=2(CMS_HTML-1)&24=2(CMS_HTML-1)&25=2(CMS_HTML-1)&26=2(CMS_HTML-1)";;"1"
"keywords";"tamen";;"&23=1(CMS_HTML-1)&24=1(CMS_HTML-1)&25=1(CMS_HTML-1)&26=1(CMS_HTML-1)";;"1"
"keywords";"cursu";;"&23=1(CMS_HTML-1)&24=1(CMS_HTML-1)&25=1(CMS_HTML-1)&26=1(CMS_HTML-1)";;"1"
"keywords";"agis";;"&23=1(CMS_HTML-1)&24=1(CMS_HTML-1)&25=1(CMS_HTML-1)&26=1(CMS_HTML-1)";;"1"
"keywords";"cives";;"&23=1(CMS_HTML-1)&24=1(CMS_HTML-1)&25=1(CMS_HTML-1)&26=1(CMS_HTML-1)";;"1"
"keywords";"ego";;"&23=1(CMS_HTML-1)&24=1(CMS_HTML-1)&25=1(CMS_HTML-1)&26=1(CMS_HTML-1)";;"1"
"keywords";"esse";;"&23=2(CMS_HTML-1)&24=2(CMS_HTML-1)&25=2(CMS_HTML-1)&26=2(CMS_HTML-1)";;"1"
"keywords";"more";;"&23=1(CMS_HTML-1)&24=1(CMS_HTML-1)&25=1(CMS_HTML-1)&26=1(CMS_HTML-1)";;"1"
"keywords";"filiam";;"&23=2(CMS_HTML-1)&24=2(CMS_HTML-1)&25=2(CMS_HTML-1)&26=2(CMS_HTML-1)";;"1"
"keywords";"ripae";;"&23=1(CMS_HTML-1)&24=1(CMS_HTML-1)&25=1(CMS_HTML-1)&26=1(CMS_HTML-1)";;"1"
"keywords";"simul";;"&23=1(CMS_HTML-1)&24=1(CMS_HTML-1)&25=1(CMS_HTML-1)&26=1(CMS_HTML-1)";;"1"
"keywords";"navigat";;"&23=1(CMS_HTML-1)&24=1(CMS_HTML-1)&25=1(CMS_HTML-1)&26=1(CMS_HTML-1)";;"1"
"keywords";"eius";;"&23=1(CMS_HTML-1)&24=1(CMS_HTML-1)&25=1(CMS_HTML-1)&26=1(CMS_HTML-1)";;"1"
"keywords";"tyrium";;"&23=2(CMS_HTML-1)&24=2(CMS_HTML-1)&25=2(CMS_HTML-1)&26=2(CMS_HTML-1)";;"1"
"keywords";"coniugem";;"&23=2(CMS_HTML-1)&24=2(CMS_HTML-1)&25=2(CMS_HTML-1)&26=2(CMS_HTML-1)";;"1"
"keywords";"flebant";;"&23=1(CMS_HTML-1)&24=1(CMS_HTML-1)&25=1(CMS_HTML-1)&26=1(CMS_HTML-1)";;"1"
"keywords";"tharsiam";;"&23=1(CMS_HTML-1)&24=1(CMS_HTML-1)&25=1(CMS_HTML-1)&26=1(CMS_HTML-1)";;"1"
"keywords";"vis";;"&23=1(CMS_HTML-1)&24=1(CMS_HTML-1)&25=1(CMS_HTML-1)&26=1(CMS_HTML-1)";;"1"
"keywords";"interrogat";;"&23=1(CMS_HTML-1)&24=1(CMS_HTML-1)&25=1(CMS_HTML-1)&26=1(CMS_HTML-1)";;"1"
"keywords";"verena";;"&23=2(CMS_HTML-1)&24=2(CMS_HTML-1)&25=2(CMS_HTML-1)&26=2(CMS_HTML-1)";;"1"
"keywords";"animo";;"&23=1(CMS_HTML-1)&24=1(CMS_HTML-1)&25=1(CMS_HTML-1)&26=1(CMS_HTML-1)";;"1"
"keywords";"suscipiens";;"&23=1(CMS_HTML-1)&24=1(CMS_HTML-1)&25=1(CMS_HTML-1)&26=1(CMS_HTML-1)";;"1"
