"keywords";"cmstypes";;"&7=1(CMS_HTML-1)";;"1"
"keywords";"image";;"&7=1(CMS_HTML-1)&12=1(CMS_HTML-1)&15=1(CMS_HTML-1)&9=3(CMS_HTMLHEAD-1,CMS_HTMLHEAD-2,CMS_HTML-1)&6=1(CMS_HTML-1)";;"1"
"keywords";"very";;"&7=1(CMS_HTMLHEAD-2)";;"1"
"keywords";"easily";;"&7=1(CMS_HTMLHEAD-2)";;"1"
"keywords";"cms";;"&11=3(CMS_HTMLHEAD-1,CMS_HTMLHEAD-2,CMS_HTML-1)&13=2(CMS_HTMLHEAD-2,CMS_HTML-1)&14=2(CMS_HTMLHEAD-2,CMS_HTML-1)&15=2(CMS_HTMLHEAD-2,CMS_HTML-1)&16=2(CMS_HTMLHEAD-2,CMS_HTML-1)&17=2(CMS_HTMLHEAD-2,CMS_HTML-1)&18=2(CMS_HTMLHEAD-2,CMS_HTML-1)";;"1"
"keywords";"types";;"&11=3(CMS_HTMLHEAD-1,CMS_HTMLHEAD-2,CMS_HTML-1)";;"1"
"keywords";"type";;"&13=2(CMS_HTMLHEAD-2,CMS_HTML-1)&14=1(CMS_HTMLHEAD-2)&15=1(CMS_HTMLHEAD-2)&16=2(CMS_HTMLHEAD-2,CMS_HTML-1)&17=1(CMS_HTMLHEAD-2)&18=1(CMS_HTMLHEAD-2)";;"1"
"keywords";"lists";;"&13=1(CMS_HTML-1)&22=1(CMS_HTML-1)";;"1"
"keywords";"folder";;"&13=1(CMS_HTML-1)";;"1"
"keywords";"articles";;"&14=1(CMS_HTML-1)";;"1"
"keywords";"list";;"&14=1(CMS_HTML-1)";;"1"
"keywords";"file";;"&15=1(CMS_HTML-1)&9=2(CMS_HTML-1)";;"1"
"keywords";"its";;"&15=1(CMS_HTML-1)&8=1(CMS_HTML-1)";;"1"
"keywords";"size";;"&15=1(CMS_HTML-1)&9=1(CMS_HTML-1)";;"1"
"keywords";"shows";;"&16=1(CMS_HTML-1)";;"1"
"keywords";"formatted";;"&16=1(CMS_HTML-1)&18=1(CMS_HTML-1)";;"1"
"keywords";"article";;"&16=1(CMS_LINKDESCR-1)&9=1(CMS_HTML-1)&23=1(CMS_HTMLHEAD-1)&24=1(CMS_HTMLHEAD-1)&25=1(CMS_HTMLHEAD-1)&26=1(CMS_HTMLHEAD-1)";;"1"
"keywords";"flash";;"&17=1(CMS_HTML-1)";;"1"
"keywords";"date";;"&18=1(CMS_HTML-1)";;"1"
"keywords";"presents";;"&9=1(CMS_HTML-1)";;"1"
"keywords";"where";;"&9=2(CMS_HTML-1)";;"1"
"keywords";"description";;"&9=3(CMS_HTML-1)";;"1"
"keywords";"properties";;"&9=1(CMS_HTML-1)";;"1"
"keywords";"also";;"&9=1(CMS_HTML-1)&8=1(CMS_HTML-1)";;"1"
"keywords";"each";;"&9=1(CMS_HTML-1)&8=1(CMS_HTML-1)";;"1"
"keywords";"images";;"&9=3(CMS_HTML-1)";;"1"
"keywords";"do";;"&9=1(CMS_HTML-1)&8=1(CMS_HTML-1)";;"1"
"keywords";"not";;"&9=1(CMS_HTML-1)&8=1(CMS_HTML-1)&22=8(CMS_HTML-1)&4=2(CMS_HTMLHEAD-2,CMS_HTML-1)";;"1"
"keywords";"own";;"&9=1(CMS_HTML-1)";;"1"
"keywords";"general";;"&9=1(CMS_HTML-1)";;"1"
"keywords";"configuration";;"&9=2(CMS_HTML-1)";;"1"
"keywords";"category";;"&9=1(CMS_HTML-1)";;"1"
"keywords";"selectable";;"&9=1(CMS_HTML-1)";;"1"
"keywords";"suppressed";;"&9=1(CMS_HTML-1)";;"1"
"keywords";"automatically";;"&9=1(CMS_HTML-1)";;"1"
"keywords";"mobile";;"&9=1(CMS_HTML-1)";;"1"
"keywords";"devices";;"&9=1(CMS_HTML-1)";;"1"
"keywords";"swipe";;"&9=1(CMS_HTML-1)";;"1"
"keywords";"shown";;"&9=1(CMS_HTML-1)";;"1"
"keywords";"instead";;"&9=1(CMS_HTML-1)";;"1"
"keywords";"different";;"&9=1(CMS_HTML-1)";;"1"
"keywords";"depending";;"&9=1(CMS_HTML-1)";;"1"
"keywords";"setting";;"&9=1(CMS_HTML-1)";;"1"
"keywords";"all";;"&9=1(CMS_HTML-1)&22=3(CMS_HTML-1)";;"1"
"keywords";"listed";;"&9=1(CMS_HTML-1)";;"1"
"keywords";"choose";;"&9=1(CMS_HTML-1)";;"1"
"keywords";"behind";;"&8=2(CMS_HTMLHEAD-1,CMS_HTMLHEAD-2)";;"1"
"keywords";"who";;"&8=2(CMS_HTMLHEAD-2,CMS_HTML-1)&22=1(CMS_HTML-1)";;"1"
"keywords";"product";;"&8=1(CMS_HTML-1)";;"1"
"keywords";"constantly";;"&8=1(CMS_HTML-1)";;"1"
"keywords";"growing";;"&8=1(CMS_HTML-1)";;"1"
"keywords";"member";;"&8=1(CMS_HTML-1)";;"1"
"keywords";"has";;"&8=1(CMS_HTML-1)&22=2(CMS_HTML-1)";;"1"
"keywords";"strengths";;"&8=1(CMS_HTML-1)";;"1"
"keywords";"puts";;"&8=1(CMS_HTML-1)";;"1"
"keywords";"them";;"&8=1(CMS_HTML-1)";;"1"
"keywords";"only";;"&8=1(CMS_HTML-1)&22=1(CMS_HTML-1)";;"1"
"keywords";"but";;"&8=1(CMS_HTML-1)";;"1"
"keywords";"designers";;"&8=1(CMS_HTML-1)";;"1"
"keywords";"involved";;"&8=1(CMS_HTML-1)";;"1"
"keywords";"comments";;"&8=1(CMS_HTML-1)";;"1"
"keywords";"ideas";;"&8=1(CMS_HTML-1)";;"1"
"keywords";"thus";;"&8=1(CMS_HTML-1)";;"1"
"keywords";"lives";;"&8=1(CMS_HTML-1)";;"1"
"keywords";"large";;"&8=1(CMS_HTML-1)";;"1"
"keywords";"users";;"&8=1(CMS_HTML-1)&22=1(CMS_HTML-1)";;"1"
"keywords";"interested";;"&8=1(CMS_HTML-1)";;"1"
"keywords";"joining";;"&8=1(CMS_HTML-1)";;"1"
"keywords";"whether";;"&8=1(CMS_HTML-1)";;"1"
"keywords";"php";;"&8=1(CMS_HTML-1)";;"1"
"keywords";"developer";;"&8=1(CMS_HTML-1)";;"1"
"keywords";"writer";;"&8=1(CMS_HTML-1)";;"1"
"keywords";"pr";;"&8=1(CMS_HTML-1)";;"1"
"keywords";"consultant";;"&8=1(CMS_HTML-1)";;"1"
"keywords";"another";;"&8=2(CMS_HTML-1)";;"1"
"keywords";"supporting";;"&8=1(CMS_HTML-1)";;"1"
"keywords";"role";;"&8=1(CMS_HTML-1)";;"1"
"keywords";"then";;"&8=1(CMS_HTML-1)";;"1"
"keywords";"want";;"&8=1(CMS_HTML-1)";;"1"
"keywords";"express";;"&8=1(CMS_HTML-1)";;"1"
"keywords";"appreciation";;"&8=1(CMS_HTML-1)";;"1"
"keywords";"donation";;"&8=1(CMS_HTML-1)";;"1"
"keywords";"contact";;"&21=1(CMS_HTMLHEAD-1)";;"1"
"keywords";"how";;"&21=1(CMS_HTMLHEAD-2)";;"1"
"keywords";"touch";;"&21=1(CMS_HTMLHEAD-2)";;"1"
"keywords";"us";;"&21=1(CMS_HTMLHEAD-2)";;"1"
"keywords";"imprint";;"&22=1(CMS_HTMLHEAD-1)";;"1"
"keywords";"responsible";;"&22=3(CMS_HTMLHEAD-2,CMS_HTML-1)";;"1"
"keywords";"freely";;"&22=1(CMS_HTML-1)";;"1"
"keywords";"skyline";;"&22=1(CMS_HTML-1)";;"1"
"keywords";"langzeitbelichtung";;"&22=1(CMS_HTML-1)";;"1"
"keywords";"disclaimer";;"&22=3(CMS_HTML-1)";;"1"
"keywords";"author";;"&22=7(CMS_HTML-1)";;"1"
"keywords";"reserves";;"&22=1(CMS_HTML-1)";;"1"
"keywords";"right";;"&22=1(CMS_HTML-1)";;"1"
"keywords";"topicality";;"&22=1(CMS_HTML-1)";;"1"
"keywords";"correctness";;"&22=1(CMS_HTML-1)";;"1"
"keywords";"completeness";;"&22=1(CMS_HTML-1)";;"1"
"keywords";"quality";;"&22=1(CMS_HTML-1)";;"1"
"keywords";"liability";;"&22=1(CMS_HTML-1)";;"1"
"keywords";"claims";;"&22=1(CMS_HTML-1)";;"1"
"keywords";"regarding";;"&22=1(CMS_HTML-1)";;"1"
"keywords";"damage";;"&22=2(CMS_HTML-1)";;"1"
"keywords";"caused";;"&22=1(CMS_HTML-1)";;"1"
"keywords";"by";;"&22=6(CMS_HTML-1)&9=1(CMS_HTML-1)";;"1"
"keywords";"any";;"&22=9(CMS_HTML-1)";;"1"
"keywords";"including";;"&22=2(CMS_HTML-1)";;"1"
"keywords";"kind";;"&22=1(CMS_HTML-1)";;"1"
"keywords";"incomplete";;"&22=1(CMS_HTML-1)";;"1"
"keywords";"incorrect";;"&22=1(CMS_HTML-1)";;"1"
"keywords";"therefore";;"&22=1(CMS_HTML-1)";;"1"
"keywords";"rejected";;"&22=1(CMS_HTML-1)";;"1"
"keywords";"notbinding";;"&22=1(CMS_HTML-1)";;"1"
"keywords";"without";;"&22=4(CMS_HTML-1)";;"1"
"keywords";"obligation";;"&22=1(CMS_HTML-1)";;"1"
"keywords";"complete";;"&22=1(CMS_HTML-1)";;"1"
"keywords";"publication";;"&22=3(CMS_HTML-1)";;"1"
"keywords";"might";;"&22=2(CMS_HTML-1)";;"1"
"keywords";"changed";;"&22=1(CMS_HTML-1)";;"1"
"keywords";"completely";;"&22=1(CMS_HTML-1)";;"1"
"keywords";"deleted";;"&22=1(CMS_HTML-1)";;"1"
"keywords";"separate";;"&22=1(CMS_HTML-1)";;"1"
"keywords";"announcement";;"&22=1(CMS_HTML-1)";;"1"
"keywords";"referrals";;"&22=1(CMS_HTML-1)";;"1"
"keywords";"contents";;"&22=2(CMS_HTML-1)";;"1"
"keywords";"linked";;"&22=2(CMS_HTML-1)";;"1"
"keywords";"referred";;"&22=2(CMS_HTML-1)";;"1"
"keywords";"his";;"&22=3(CMS_HTML-1)";;"1"
"keywords";"unless";;"&22=1(CMS_HTML-1)";;"1"
"keywords";"he";;"&22=1(CMS_HTML-1)";;"1"
"keywords";"full";;"&22=1(CMS_HTML-1)";;"1"
"keywords";"knowledge";;"&22=1(CMS_HTML-1)";;"1"
"keywords";"illegal";;"&22=1(CMS_HTML-1)";;"1"
"keywords";"would";;"&22=1(CMS_HTML-1)";;"1"
"keywords";"able";;"&22=1(CMS_HTML-1)";;"1"
"keywords";"prevent";;"&22=1(CMS_HTML-1)";;"1"
"keywords";"viewing";;"&22=1(CMS_HTML-1)";;"1"
"keywords";"those";;"&22=1(CMS_HTML-1)";;"1"
"keywords";"occurs";;"&22=1(CMS_HTML-1)";;"1"
"keywords";"presented";;"&22=1(CMS_HTML-1)";;"1"
"keywords";"respective";;"&22=2(CMS_HTML-1)";;"1"
"keywords";"liable";;"&22=2(CMS_HTML-1)";;"1"
"keywords";"these";;"&22=2(CMS_HTML-1)";;"1"
"keywords";"furthermore";;"&22=1(CMS_HTML-1)";;"1"
"keywords";"postings";;"&22=1(CMS_HTML-1)";;"1"
"keywords";"published";;"&22=2(CMS_HTML-1)";;"1"
"keywords";"discussion";;"&22=1(CMS_HTML-1)";;"1"
"keywords";"boards";;"&22=1(CMS_HTML-1)";;"1"
"keywords";"guest";;"&22=1(CMS_HTML-1)&4=1(CMS_HTML-1)";;"1"
"keywords";"books";;"&22=1(CMS_HTML-1)";;"1"
"keywords";"mailing";;"&22=1(CMS_HTML-1)";;"1"
"keywords";"intended";;"&22=1(CMS_HTML-1)";;"1"
"keywords";"copyrighted";;"&22=1(CMS_HTML-1)";;"1"
"keywords";"material";;"&22=2(CMS_HTML-1)";;"1"
"keywords";"possible";;"&22=2(CMS_HTML-1)";;"1"
"keywords";"indicate";;"&22=1(CMS_HTML-1)";;"1"
"keywords";"object";;"&22=1(CMS_HTML-1)";;"1"
"keywords";"created";;"&22=1(CMS_HTML-1)";;"1"
"keywords";"reserved";;"&22=1(CMS_HTML-1)";;"1"
"keywords";"duplication";;"&22=1(CMS_HTML-1)";;"1"
