"keywords";"secrete";;"&23=1(CMS_HTML-1)&24=1(CMS_HTML-1)&25=1(CMS_HTML-1)&26=1(CMS_HTML-1)";;"1"
"keywords";"fugio";;"&23=1(CMS_HTML-1)&24=1(CMS_HTML-1)&25=1(CMS_HTML-1)&26=1(CMS_HTML-1)";;"1"
"keywords";"gratissime";;"&23=1(CMS_HTML-1)&24=1(CMS_HTML-1)&25=1(CMS_HTML-1)&26=1(CMS_HTML-1)";;"1"
"keywords";"ideo";;"&23=2(CMS_HTML-1)&24=2(CMS_HTML-1)&25=2(CMS_HTML-1)&26=2(CMS_HTML-1)";;"1"
"keywords";"complesset";;"&23=1(CMS_HTML-1)&24=1(CMS_HTML-1)&25=1(CMS_HTML-1)&26=1(CMS_HTML-1)";;"1"
"keywords";"orationis";;"&23=1(CMS_HTML-1)&24=1(CMS_HTML-1)&25=1(CMS_HTML-1)&26=1(CMS_HTML-1)";;"1"
"keywords";"disponuntur";;"&23=1(CMS_HTML-1)&24=1(CMS_HTML-1)&25=1(CMS_HTML-1)&26=1(CMS_HTML-1)";;"1"
"keywords";"individuationis";;"&23=1(CMS_HTML-1)&24=1(CMS_HTML-1)&25=1(CMS_HTML-1)&26=1(CMS_HTML-1)";;"1"
"keywords";"cur";;"&23=1(CMS_HTML-1)&24=1(CMS_HTML-1)&25=1(CMS_HTML-1)&26=1(CMS_HTML-1)";;"1"
"keywords";"meae";;"&23=1(CMS_HTML-1)&24=1(CMS_HTML-1)&25=1(CMS_HTML-1)&26=1(CMS_HTML-1)";;"1"
"keywords";"invenerit";;"&23=1(CMS_HTML-1)&24=1(CMS_HTML-1)&25=1(CMS_HTML-1)&26=1(CMS_HTML-1)";;"1"
"keywords";"habetur";;"&23=1(CMS_HTML-1)&24=1(CMS_HTML-1)&25=1(CMS_HTML-1)&26=1(CMS_HTML-1)";;"1"
"keywords";"suis";;"&23=2(CMS_HTML-1)&24=2(CMS_HTML-1)&25=2(CMS_HTML-1)&26=2(CMS_HTML-1)";;"1"
"keywords";"eum";;"&23=2(CMS_HTML-1)&24=2(CMS_HTML-1)&25=2(CMS_HTML-1)&26=2(CMS_HTML-1)";;"1"
"keywords";"vel";;"&23=1(CMS_HTML-1)&24=1(CMS_HTML-1)&25=1(CMS_HTML-1)&26=1(CMS_HTML-1)";;"1"
"keywords";"regio";;"&23=1(CMS_HTML-1)&24=1(CMS_HTML-1)&25=1(CMS_HTML-1)&26=1(CMS_HTML-1)";;"1"
"keywords";"mors";;"&23=1(CMS_HTML-1)&24=1(CMS_HTML-1)&25=1(CMS_HTML-1)&26=1(CMS_HTML-1)";;"1"
"keywords";"potuit";;"&23=1(CMS_HTML-1)&24=1(CMS_HTML-1)&25=1(CMS_HTML-1)&26=1(CMS_HTML-1)";;"1"
"keywords";"per";;"&23=2(CMS_HTML-1)&24=2(CMS_HTML-1)&25=2(CMS_HTML-1)&26=2(CMS_HTML-1)";;"1"
"keywords";"sanctus";;"&23=1(CMS_HTML-1)&24=1(CMS_HTML-1)&25=1(CMS_HTML-1)&26=1(CMS_HTML-1)";;"1"
"keywords";"singulos";;"&23=1(CMS_HTML-1)&24=1(CMS_HTML-1)&25=1(CMS_HTML-1)&26=1(CMS_HTML-1)";;"1"
"keywords";"domum";;"&23=1(CMS_HTML-1)&24=1(CMS_HTML-1)&25=1(CMS_HTML-1)&26=1(CMS_HTML-1)";;"1"
"keywords";"litus";;"&23=1(CMS_HTML-1)&24=1(CMS_HTML-1)&25=1(CMS_HTML-1)&26=1(CMS_HTML-1)";;"1"
"keywords";"ostendam";;"&23=1(CMS_HTML-1)&24=1(CMS_HTML-1)&25=1(CMS_HTML-1)&26=1(CMS_HTML-1)";;"1"
"keywords";"apollonio";;"&23=1(CMS_HTML-1)&24=1(CMS_HTML-1)&25=1(CMS_HTML-1)&26=1(CMS_HTML-1)";;"1"
"keywords";"dares";;"&23=1(CMS_HTML-1)&24=1(CMS_HTML-1)&25=1(CMS_HTML-1)&26=1(CMS_HTML-1)";;"1"
"keywords";"se";;"&23=7(CMS_HTML-1)&24=7(CMS_HTML-1)&25=7(CMS_HTML-1)&26=7(CMS_HTML-1)";;"1"
"keywords";"vero";;"&23=4(CMS_HTML-1)&24=4(CMS_HTML-1)&25=4(CMS_HTML-1)&26=4(CMS_HTML-1)";;"1"
"keywords";"dum";;"&23=2(CMS_HTML-1)&24=2(CMS_HTML-1)&25=2(CMS_HTML-1)&26=2(CMS_HTML-1)";;"1"
"keywords";"miror";;"&23=1(CMS_HTML-1)&24=1(CMS_HTML-1)&25=1(CMS_HTML-1)&26=1(CMS_HTML-1)";;"1"
"keywords";"puella";;"&23=4(CMS_HTML-1)&24=4(CMS_HTML-1)&25=4(CMS_HTML-1)&26=4(CMS_HTML-1)";;"1"
"keywords";"dilectio";;"&23=1(CMS_HTML-1)&24=1(CMS_HTML-1)&25=1(CMS_HTML-1)&26=1(CMS_HTML-1)";;"1"
"keywords";"incompletum";;"&23=1(CMS_HTML-1)&24=1(CMS_HTML-1)&25=1(CMS_HTML-1)&26=1(CMS_HTML-1)";;"1"
"keywords";"ut";;"&23=1(CMS_HTML-1)&24=1(CMS_HTML-1)&25=1(CMS_HTML-1)&26=1(CMS_HTML-1)";;"1"
"keywords";"diem";;"&23=1(CMS_HTML-1)&24=1(CMS_HTML-1)&25=1(CMS_HTML-1)&26=1(CMS_HTML-1)";;"1"
"keywords";"derelinquere";;"&23=1(CMS_HTML-1)&24=1(CMS_HTML-1)&25=1(CMS_HTML-1)&26=1(CMS_HTML-1)";;"1"
"keywords";"patris";;"&23=1(CMS_HTML-1)&24=1(CMS_HTML-1)&25=1(CMS_HTML-1)&26=1(CMS_HTML-1)";;"1"
"keywords";"quem";;"&23=1(CMS_HTML-1)&24=1(CMS_HTML-1)&25=1(CMS_HTML-1)&26=1(CMS_HTML-1)";;"1"
"keywords";"audito";;"&23=1(CMS_HTML-1)&24=1(CMS_HTML-1)&25=1(CMS_HTML-1)&26=1(CMS_HTML-1)";;"1"
"keywords";"dolet";;"&23=1(CMS_HTML-1)&24=1(CMS_HTML-1)&25=1(CMS_HTML-1)&26=1(CMS_HTML-1)";;"1"
"keywords";"fuerat";;"&23=6(CMS_HTML-1)&24=6(CMS_HTML-1)&25=6(CMS_HTML-1)&26=6(CMS_HTML-1)";;"1"
"keywords";"fit";;"&23=1(CMS_HTML-1)&24=1(CMS_HTML-1)&25=1(CMS_HTML-1)&26=1(CMS_HTML-1)";;"1"
"keywords";"ecclesiam";;"&23=1(CMS_HTML-1)&24=1(CMS_HTML-1)&25=1(CMS_HTML-1)&26=1(CMS_HTML-1)";;"1"
"keywords";"mittam";;"&23=1(CMS_HTML-1)&24=1(CMS_HTML-1)&25=1(CMS_HTML-1)&26=1(CMS_HTML-1)";;"1"
"keywords";"plectrum";;"&23=1(CMS_HTML-1)&24=1(CMS_HTML-1)&25=1(CMS_HTML-1)&26=1(CMS_HTML-1)";;"1"
"keywords";"anni";;"&23=1(CMS_HTML-1)&24=1(CMS_HTML-1)&25=1(CMS_HTML-1)&26=1(CMS_HTML-1)";;"1"
"keywords";"ipsa";;"&23=1(CMS_HTML-1)&24=1(CMS_HTML-1)&25=1(CMS_HTML-1)&26=1(CMS_HTML-1)";;"1"
"keywords";"eam";;"&23=2(CMS_HTML-1)&24=2(CMS_HTML-1)&25=2(CMS_HTML-1)&26=2(CMS_HTML-1)";;"1"
"keywords";"christi";;"&23=1(CMS_HTML-1)&24=1(CMS_HTML-1)&25=1(CMS_HTML-1)&26=1(CMS_HTML-1)";;"1"
"keywords";"vivit";;"&23=1(CMS_HTML-1)&24=1(CMS_HTML-1)&25=1(CMS_HTML-1)&26=1(CMS_HTML-1)";;"1"
"keywords";"rex";;"&23=1(CMS_HTML-1)&24=1(CMS_HTML-1)&25=1(CMS_HTML-1)&26=1(CMS_HTML-1)";;"1"
"keywords";"sanguine";;"&23=1(CMS_HTML-1)&24=1(CMS_HTML-1)&25=1(CMS_HTML-1)&26=1(CMS_HTML-1)";;"1"
"keywords";"rursum";;"&23=1(CMS_HTML-1)&24=1(CMS_HTML-1)&25=1(CMS_HTML-1)&26=1(CMS_HTML-1)";;"1"
"keywords";"reliquit";;"&23=1(CMS_HTML-1)&24=1(CMS_HTML-1)&25=1(CMS_HTML-1)&26=1(CMS_HTML-1)";;"1"
"keywords";"ambulavit";;"&23=1(CMS_HTML-1)&24=1(CMS_HTML-1)&25=1(CMS_HTML-1)&26=1(CMS_HTML-1)";;"1"
"keywords";"sapiens";;"&23=1(CMS_HTML-1)&24=1(CMS_HTML-1)&25=1(CMS_HTML-1)&26=1(CMS_HTML-1)";;"1"
"keywords";"modo";;"&23=2(CMS_HTML-1)&24=2(CMS_HTML-1)&25=2(CMS_HTML-1)&26=2(CMS_HTML-1)";;"1"
"keywords";"genito";;"&23=2(CMS_HTML-1)&24=2(CMS_HTML-1)&25=2(CMS_HTML-1)&26=2(CMS_HTML-1)";;"1"
"keywords";"allocutus";;"&23=1(CMS_HTML-1)&24=1(CMS_HTML-1)&25=1(CMS_HTML-1)&26=1(CMS_HTML-1)";;"1"
"keywords";"armata";;"&23=1(CMS_HTML-1)&24=1(CMS_HTML-1)&25=1(CMS_HTML-1)&26=1(CMS_HTML-1)";;"1"
"keywords";"mare";;"&23=1(CMS_HTML-1)&24=1(CMS_HTML-1)&25=1(CMS_HTML-1)&26=1(CMS_HTML-1)";;"1"
"keywords";"cognitionis";;"&23=2(CMS_HTML-1)&24=2(CMS_HTML-1)&25=2(CMS_HTML-1)&26=2(CMS_HTML-1)";;"1"
"keywords";"huius";;"&23=1(CMS_HTML-1)&24=1(CMS_HTML-1)&25=1(CMS_HTML-1)&26=1(CMS_HTML-1)";;"1"
"keywords";"dulcis";;"&23=1(CMS_HTML-1)&24=1(CMS_HTML-1)&25=1(CMS_HTML-1)&26=1(CMS_HTML-1)";;"1"
"keywords";"scio";;"&23=1(CMS_HTML-1)&24=1(CMS_HTML-1)&25=1(CMS_HTML-1)&26=1(CMS_HTML-1)";;"1"
"keywords";"quidditas";;"&23=1(CMS_HTML-1)&24=1(CMS_HTML-1)&25=1(CMS_HTML-1)&26=1(CMS_HTML-1)";;"1"
"keywords";"obiectum";;"&23=2(CMS_HTML-1)&24=2(CMS_HTML-1)&25=2(CMS_HTML-1)&26=2(CMS_HTML-1)";;"1"
"keywords";"mea";;"&23=1(CMS_HTML-1)&24=1(CMS_HTML-1)&25=1(CMS_HTML-1)&26=1(CMS_HTML-1)";;"1"
"keywords";"stet";;"&23=1(CMS_HTML-1)&24=1(CMS_HTML-1)&25=1(CMS_HTML-1)&26=1(CMS_HTML-1)";;"1"
"keywords";"consequat";;"&23=1(CMS_HTML-1)&24=1(CMS_HTML-1)&25=1(CMS_HTML-1)&26=1(CMS_HTML-1)";;"1"
"keywords";"sui";;"&23=1(CMS_HTML-1)&24=1(CMS_HTML-1)&25=1(CMS_HTML-1)&26=1(CMS_HTML-1)";;"1"
"keywords";"contra";;"&23=1(CMS_HTML-1)&24=1(CMS_HTML-1)&25=1(CMS_HTML-1)&26=1(CMS_HTML-1)";;"1"
"keywords";"piissimi";;"&23=1(CMS_HTML-1)&24=1(CMS_HTML-1)&25=1(CMS_HTML-1)&26=1(CMS_HTML-1)";;"1"
"keywords";"sibi";;"&23=1(CMS_HTML-1)&24=1(CMS_HTML-1)&25=1(CMS_HTML-1)&26=1(CMS_HTML-1)";;"1"
"keywords";"adsedit";;"&23=1(CMS_HTML-1)&24=1(CMS_HTML-1)&25=1(CMS_HTML-1)&26=1(CMS_HTML-1)";;"1"
"keywords";"accidens";;"&23=1(CMS_HTML-1)&24=1(CMS_HTML-1)&25=1(CMS_HTML-1)&26=1(CMS_HTML-1)";;"1"
"keywords";"suos";;"&23=1(CMS_HTML-1)&24=1(CMS_HTML-1)&25=1(CMS_HTML-1)&26=1(CMS_HTML-1)";;"1"
"keywords";"faciam";;"&23=1(CMS_HTML-1)&24=1(CMS_HTML-1)&25=1(CMS_HTML-1)&26=1(CMS_HTML-1)";;"1"
"keywords";"illud";;"&23=1(CMS_HTML-1)&24=1(CMS_HTML-1)&25=1(CMS_HTML-1)&26=1(CMS_HTML-1)";;"1"
"keywords";"cenam";;"&23=1(CMS_HTML-1)&24=1(CMS_HTML-1)&25=1(CMS_HTML-1)&26=1(CMS_HTML-1)";;"1"
"keywords";"inhaeret";;"&23=1(CMS_HTML-1)&24=1(CMS_HTML-1)&25=1(CMS_HTML-1)&26=1(CMS_HTML-1)";;"1"
"keywords";"crescente";;"&23=1(CMS_HTML-1)&24=1(CMS_HTML-1)&25=1(CMS_HTML-1)&26=1(CMS_HTML-1)";;"1"
"keywords";"nec";;"&23=1(CMS_HTML-1)&24=1(CMS_HTML-1)&25=1(CMS_HTML-1)&26=1(CMS_HTML-1)";;"1"
"keywords";"christo";;"&23=1(CMS_HTML-1)&24=1(CMS_HTML-1)&25=1(CMS_HTML-1)&26=1(CMS_HTML-1)";;"1"
"keywords";"regem";;"&23=2(CMS_HTML-1)&24=2(CMS_HTML-1)&25=2(CMS_HTML-1)&26=2(CMS_HTML-1)";;"1"
"keywords";"consolatus";;"&23=2(CMS_HTML-1)&24=2(CMS_HTML-1)&25=2(CMS_HTML-1)&26=2(CMS_HTML-1)";;"1"
"keywords";"veniens";;"&23=1(CMS_HTML-1)&24=1(CMS_HTML-1)&25=1(CMS_HTML-1)&26=1(CMS_HTML-1)";;"1"
"keywords";"theophilum";;"&23=1(CMS_HTML-1)&24=1(CMS_HTML-1)&25=1(CMS_HTML-1)&26=1(CMS_HTML-1)";;"1"
"keywords";"vinum";;"&23=1(CMS_HTML-1)&24=1(CMS_HTML-1)&25=1(CMS_HTML-1)&26=1(CMS_HTML-1)";;"1"
"keywords";"uno";;"&23=1(CMS_HTML-1)&24=1(CMS_HTML-1)&25=1(CMS_HTML-1)&26=1(CMS_HTML-1)";;"1"
"keywords";"infantem";;"&23=1(CMS_HTML-1)&24=1(CMS_HTML-1)&25=1(CMS_HTML-1)&26=1(CMS_HTML-1)";;"1"
"keywords";"tollit";;"&23=1(CMS_HTML-1)&24=1(CMS_HTML-1)&25=1(CMS_HTML-1)&26=1(CMS_HTML-1)";;"1"
"keywords";"crucis";;"&23=1(CMS_HTML-1)&24=1(CMS_HTML-1)&25=1(CMS_HTML-1)&26=1(CMS_HTML-1)";;"1"
"keywords";"minus";;"&23=1(CMS_HTML-1)&24=1(CMS_HTML-1)&25=1(CMS_HTML-1)&26=1(CMS_HTML-1)";;"1"
"keywords";"adamavi";;"&23=1(CMS_HTML-1)&24=1(CMS_HTML-1)&25=1(CMS_HTML-1)&26=1(CMS_HTML-1)";;"1"
"keywords";"discumbere";;"&23=1(CMS_HTML-1)&24=1(CMS_HTML-1)&25=1(CMS_HTML-1)&26=1(CMS_HTML-1)";;"1"
"keywords";"quam";;"&23=1(CMS_HTML-1)&24=1(CMS_HTML-1)&25=1(CMS_HTML-1)&26=1(CMS_HTML-1)";;"1"
"keywords";"cara";;"&23=1(CMS_HTML-1)&24=1(CMS_HTML-1)&25=1(CMS_HTML-1)&26=1(CMS_HTML-1)";;"1"
"keywords";"omnium";;"&23=1(CMS_HTML-1)&24=1(CMS_HTML-1)&25=1(CMS_HTML-1)&26=1(CMS_HTML-1)";;"1"
"keywords";"ephesum";;"&23=1(CMS_HTML-1)&24=1(CMS_HTML-1)&25=1(CMS_HTML-1)&26=1(CMS_HTML-1)";;"1"
"keywords";"iube";;"&23=1(CMS_HTML-1)&24=1(CMS_HTML-1)&25=1(CMS_HTML-1)&26=1(CMS_HTML-1)";;"1"
"keywords";"tum";;"&23=1(CMS_HTML-1)&24=1(CMS_HTML-1)&25=1(CMS_HTML-1)&26=1(CMS_HTML-1)";;"1"
"keywords";"laetitia";;"&23=1(CMS_HTML-1)&24=1(CMS_HTML-1)&25=1(CMS_HTML-1)&26=1(CMS_HTML-1)";;"1"
"keywords";"langzeitbelichtungrdquo";;"&22=1(CMS_HTML-1)";;"1"
"keywords";"siehe";;"&22=1(CMS_HTML-1)";;"1"
"keywords";"youtube";;"&22=1(CMS_HTML-1)";;"1"
"keywords";"video";;"&22=1(CMS_HTML-1)";;"1"
"keywords";"cmsfilelist";;"&13=2(CMS_HTMLHEAD-1,CMS_HTMLHEAD-2)&7=1(CMS_HTML-1)&11=1(CMS_HTML-1)";;"1"
"keywords";"cmstyp";;"&13=2(CMS_HTMLHEAD-2,CMS_HTML-1)&14=2(CMS_HTMLHEAD-2,CMS_HTML-1)&15=2(CMS_HTMLHEAD-2,CMS_HTML-1)&16=1(CMS_HTMLHEAD-2)&17=2(CMS_HTMLHEAD-2,CMS_HTML-1)&18=2(CMS_HTMLHEAD-2,CMS_HTML-1)";;"1"
"keywords";"cmsfileliststyledefaulthtml";;"&13=1(CMS_FILELIST-1)";;"1"
"keywords";"false";;"&13=2(CMS_FILELIST-1)&14=3(CMS_TEASER-1)";;"1"
"keywords";"filename";;"&13=1(CMS_FILELIST-1)";;"1"
"keywords";"true";;"&13=1(CMS_FILELIST-1)";;"1"
"keywords";"asc";;"&13=1(CMS_FILELIST-1)";;"1"
"keywords";"off";;"&13=1(CMS_FILELIST-1)";;"1"
"keywords";"cmsteaser";;"&14=2(CMS_HTMLHEAD-1,CMS_HTMLHEAD-2)&7=1(CMS_HTML-1)&11=1(CMS_HTML-1)";;"1"
"keywords";"10";;"&14=1(CMS_TEASER-1)";;"1"
"keywords";"cmsteaserstylebloghtml";;"&14=1(CMS_TEASER-1)";;"1"
"keywords";"cmshtmlhead";;"&14=1(CMS_TEASER-1)";;"1"
"keywords";"cmshtml";;"&14=1(CMS_TEASER-1)";;"1"
"keywords";"cmsimg";;"&14=1(CMS_TEASER-1)&15=2(CMS_HTMLHEAD-1,CMS_HTMLHEAD-2)&7=1(CMS_HTML-1)&11=1(CMS_HTML-1)";;"1"
"keywords";"creationdate";;"&14=1(CMS_TEASER-1)";;"1"
"keywords";"desc";;"&14=1(CMS_TEASER-1)";;"1"
"keywords";"120";;"&14=1(CMS_TEASER-1)";;"1"
"keywords";"100";;"&14=1(CMS_TEASER-1)";;"1"
"keywords";"75";;"&14=1(CMS_TEASER-1)";;"1"
"keywords";"cmsdate";;"&14=1(CMS_TEASER-1)&18=2(CMS_HTMLHEAD-1,CMS_HTMLHEAD-2)&7=1(CMS_HTML-1)&11=1(CMS_HTML-1)";;"1"
"keywords";"listet";;"&14=1(CMS_HTML-1)&13=1(CMS_HTML-1)";;"1"
"keywords";"artikel";;"&14=1(CMS_HTML-1)&16=1(CMS_LINKDESCR-1)&18=1(CMS_LINKDESCR-1)";;"1"
"keywords";"newsliste";;"&14=1(CMS_HTML-1)";;"1"
"keywords";"ordners";;"&13=1(CMS_HTML-1)";;"1"
"keywords";"zeigt";;"&15=1(CMS_HTML-1)&16=1(CMS_HTML-1)&17=1(CMS_HTML-1)&18=1(CMS_HTML-1)";;"1"
"keywords";"seiner";;"&15=1(CMS_HTML-1)";;"1"
"keywords";"cmslink";;"&16=2(CMS_HTMLHEAD-1,CMS_HTMLHEAD-2)&7=1(CMS_HTML-1)&11=1(CMS_HTML-1)";;"1"
"keywords";"typ";;"&16=1(CMS_HTML-1)";;"1"
"keywords";"einen";;"&16=1(CMS_HTML-1)";;"1"
"keywords";"formatierten";;"&16=1(CMS_HTML-1)";;"1"
"keywords";"link";;"&16=1(CMS_HTML-1)";;"1"
"keywords";"cmsswf";;"&17=2(CMS_HTMLHEAD-1,CMS_HTMLHEAD-2)&7=1(CMS_HTML-1)&11=1(CMS_HTML-1)";;"1"
"keywords";"flashvideo";;"&17=1(CMS_HTML-1)";;"1"
"keywords";"formatiertes";;"&18=1(CMS_HTML-1)";;"1"
"keywords";"datum";;"&18=1(CMS_HTML-1)";;"1"
"keywords";"15";;"&18=1(CMS_DATE-1)";;"1"
"keywords";"oktober";;"&18=1(CMS_DATE-1)";;"1"
"keywords";"2013";;"&18=1(CMS_DATE-1)";;"1"
"keywords";"falls";;"&8=1(CMS_HTML-1)";;"1"
"keywords";"andere";;"&8=1(CMS_HTML-1)";;"1"
"keywords";"anerkennung";;"&8=1(CMS_HTML-1)";;"1"
"keywords";"drugcmsteams";;"&8=1(CMS_HTML-1)";;"1"
"keywords";"gerne";;"&8=1(CMS_HTML-1)";;"1"
"keywords";"spende";;"&8=1(CMS_HTML-1)";;"1"
"keywords";"tun";;"&8=1(CMS_HTML-1)";;"1"
"keywords";"ausdruck";;"&8=1(CMS_HTML-1)";;"1"
"keywords";"bringen";;"&8=1(CMS_HTML-1)";;"1"
"keywords";"folgenden";;"&7=1(CMS_HTML-1)&11=1(CMS_HTML-1)&12=1(CMS_HTML-1)";;"1"
"keywords";"vorbereitet";;"&7=1(CMS_HTML-1)&11=1(CMS_HTML-1)&12=1(CMS_HTML-1)";;"1"
"keywords";"cmstypen";;"&7=1(CMS_HTML-1)&11=3(CMS_HTMLHEAD-1,CMS_HTMLHEAD-2,CMS_HTML-1)";;"1"
"keywords";"wo";;"&9=1(CMS_HTML-1)";;"1"
"keywords";"stattdessen";;"&9=1(CMS_HTML-1)";;"1"
"keywords";"swipegalerie";;"&9=1(CMS_HTML-1)";;"1"
"keywords";"gezeigt";;"&9=1(CMS_HTML-1)";;"1"
