"keywords";"lassen";;"&6=1(CMS_HTML-1)";;"1"
"keywords";"einfache";;"&6=1(CMS_HTML-1)";;"1"
"keywords";"art";;"&6=1(CMS_HTML-1)&22=1(CMS_HTML-1)";;"1"
"keywords";"weise";;"&6=1(CMS_HTML-1)&8=1(CMS_HTML-1)";;"1"
"keywords";"erweitern";;"&6=1(CMS_HTML-1)&7=1(CMS_HTMLHEAD-2)";;"1"
"keywords";"kann";;"&6=2(CMS_HTML-1)&9=1(CMS_HTML-1)";;"1"
"keywords";"einsatz";;"&6=2(CMS_HTML-1)";;"1"
"keywords";"modulen";;"&6=1(CMS_HTML-1)";;"1"
"keywords";"um";;"&6=1(CMS_HTML-1)&4=1(CMS_HTML-1)";;"1"
"keywords";"erweitert";;"&6=2(CMS_HTML-1)";;"1"
"keywords";"so";;"&6=2(CMS_HTML-1)&21=1(CMS_HTMLHEAD-2)&22=2(CMS_HTML-1)";;"1"
"keywords";"bildergalerie";;"&6=1(CMS_HTML-1)&9=2(CMS_HTMLHEAD-1,CMS_HTMLHEAD-2)&13=1(CMS_FILELIST-1)&7=1(CMS_HTML-1)&12=1(CMS_HTML-1)";;"1"
"keywords";"beispielen";;"&6=1(CMS_HTML-1)";;"1"
"keywords";"plugins";;"&6=2(CMS_HTML-1)";;"1"
"keywords";"seourlplugin";;"&6=1(CMS_HTML-1)";;"1"
"keywords";"welches";;"&6=2(CMS_HTML-1)&9=1(CMS_HTML-1)";;"1"
"keywords";"sog";;"&6=1(CMS_HTML-1)";;"1"
"keywords";"bdquocleanurlsrdquo";;"&6=1(CMS_HTML-1)";;"1"
"keywords";"adressen";;"&6=1(CMS_HTML-1)";;"1"
"keywords";"erzeugt";;"&6=1(CMS_HTML-1)";;"1"
"keywords";"newsletterplugin";;"&6=1(CMS_HTML-1)";;"1"
"keywords";"versand";;"&6=1(CMS_HTML-1)";;"1"
"keywords";"newslettern";;"&6=1(CMS_HTML-1)";;"1"
"keywords";"erweiterungen";;"&6=3(CMS_HTML-1)&7=1(CMS_HTMLHEAD-1)";;"1"
"keywords";"selbst";;"&6=2(CMS_HTML-1)&22=2(CMS_HTML-1)";;"1"
"keywords";"keine";;"&6=2(CMS_HTML-1)&22=1(CMS_HTML-1)&9=1(CMS_HTML-1)";;"1"
"keywords";"optischen";;"&6=1(CMS_HTML-1)";;"1"
"keywords";"auswirkungen";;"&6=1(CMS_HTML-1)";;"1"
"keywords";"dies";;"&6=1(CMS_HTML-1)&23=1(CMS_HTML-1)&24=1(CMS_HTML-1)&25=1(CMS_HTML-1)&26=1(CMS_HTML-1)&8=1(CMS_HTML-1)";;"1"
"keywords";"passiert";;"&6=1(CMS_HTML-1)";;"1"
"keywords";"dann";;"&6=1(CMS_HTML-1)&8=1(CMS_HTML-1)";;"1"
"keywords";"wenn";;"&6=2(CMS_HTML-1)";;"1"
"keywords";"beispiel";;"&6=1(CMS_HTML-1)";;"1"
"keywords";"newsletteranmeldung";;"&6=1(CMS_HTML-1)";;"1"
"keywords";"community";;"&6=1(CMS_HTML-1)&8=2(CMS_HTML-1)";;"1"
"keywords";"gibt";;"&6=2(CMS_HTML-1)";;"1"
"keywords";"bereits";;"&6=1(CMS_HTML-1)";;"1"
"keywords";"individuelle";;"&6=1(CMS_HTML-1)";;"1"
"keywords";"verschiedensten";;"&6=1(CMS_HTML-1)";;"1"
"keywords";"aufgaben";;"&6=2(CMS_HTML-1)";;"1"
"keywords";"front";;"&6=1(CMS_HTML-1)";;"1"
"keywords";"meisten";;"&6=1(CMS_HTML-1)";;"1"
"keywords";"damit";;"&6=1(CMS_HTML-1)";;"1"
"keywords";"schon";;"&6=1(CMS_HTML-1)";;"1"
"keywords";"gewappnet";;"&6=1(CMS_HTML-1)";;"1"
"keywords";"kommen";;"&6=1(CMS_HTML-1)";;"1"
"keywords";"fast";;"&6=1(CMS_HTML-1)";;"1"
"keywords";"neue";;"&6=2(CMS_HTML-1)";;"1"
"keywords";"hinzu";;"&6=1(CMS_HTML-1)";;"1"
"keywords";"teilweise";;"&6=1(CMS_HTML-1)";;"1"
"keywords";"kostenpflichtig";;"&6=1(CMS_HTML-1)";;"1"
"keywords";"ihren";;"&6=1(CMS_HTML-1)";;"1"
"keywords";"bedarf";;"&6=1(CMS_HTML-1)";;"1"
"keywords";"passende";;"&6=1(CMS_HTML-1)";;"1"
"keywords";"erweiterung";;"&6=1(CMS_HTML-1)";;"1"
"keywords";"eine";;"&6=2(CMS_HTML-1)&22=2(CMS_HTML-1)&9=4(CMS_HTML-1)&8=1(CMS_HTML-1)";;"1"
"keywords";"bestehende";;"&6=1(CMS_HTML-1)";;"1"
"keywords";"anpassen";;"&6=1(CMS_HTML-1)";;"1"
"keywords";"entwickeln";;"&6=1(CMS_HTML-1)";;"1"
"keywords";"sehr";;"&7=1(CMS_HTMLHEAD-2)";;"1"
"keywords";"leicht";;"&7=1(CMS_HTMLHEAD-2)";;"1"
"keywords";"hinter";;"&8=2(CMS_HTMLHEAD-1,CMS_HTMLHEAD-2)";;"1"
"keywords";"wer";;"&8=1(CMS_HTMLHEAD-2)";;"1"
"keywords";"steckt";;"&8=1(CMS_HTMLHEAD-2)";;"1"
"keywords";"eigentlich";;"&8=1(CMS_HTMLHEAD-2)";;"1"
"keywords";"produkt";;"&8=1(CMS_HTML-1)";;"1"
"keywords";"spider";;"&8=2(CMS_HTML-1)&22=1(CMS_HTML-1)";;"1"
"keywords";"it";;"&8=2(CMS_HTML-1)&22=1(CMS_HTML-1)";;"1"
"keywords";"deutschland";;"&8=1(CMS_HTML-1)&22=1(CMS_HTML-1)";;"1"
"keywords";"einer";;"&8=2(CMS_HTML-1)&9=1(CMS_HTML-1)";;"1"
"keywords";"wachsenden";;"&8=1(CMS_HTML-1)";;"1"
"keywords";"jeder";;"&8=1(CMS_HTML-1)";;"1"
"keywords";"hat";;"&8=1(CMS_HTML-1)&22=2(CMS_HTML-1)";;"1"
"keywords";"seine";;"&8=1(CMS_HTML-1)";;"1"
"keywords";"bringt";;"&8=1(CMS_HTML-1)";;"1"
"keywords";"diese";;"&8=1(CMS_HTML-1)&22=2(CMS_HTML-1)";;"1"
"keywords";"nicht";;"&8=1(CMS_HTML-1)&22=9(CMS_HTML-1)&4=2(CMS_HTMLHEAD-2,CMS_HTML-1)";;"1"
"keywords";"nur";;"&8=1(CMS_HTML-1)";;"1"
"keywords";"sondern";;"&8=1(CMS_HTML-1)";;"1"
"keywords";"entwicklern";;"&8=1(CMS_HTML-1)";;"1"
"keywords";"webdesignern";;"&8=1(CMS_HTML-1)";;"1"
"keywords";"anmerkungen";;"&8=1(CMS_HTML-1)";;"1"
"keywords";"neuen";;"&8=1(CMS_HTML-1)";;"1"
"keywords";"ideeen";;"&8=1(CMS_HTML-1)";;"1"
"keywords";"einbringen";;"&8=1(CMS_HTML-1)";;"1"
"keywords";"somit";;"&8=1(CMS_HTML-1)";;"1"
"keywords";"zum";;"&8=2(CMS_HTML-1)&22=1(CMS_HTML-1)&9=1(CMS_HTML-1)";;"1"
"keywords";"teil";;"&8=1(CMS_HTML-1)&22=1(CMS_HTML-1)";;"1"
"keywords";"vom";;"&8=1(CMS_HTML-1)&22=2(CMS_HTML-1)";;"1"
"keywords";"feedback";;"&8=1(CMS_HTML-1)";;"1"
"keywords";"anwender";;"&8=1(CMS_HTML-1)";;"1"
"keywords";"sollten";;"&8=1(CMS_HTML-1)&22=1(CMS_HTML-1)";;"1"
"keywords";"interesse";;"&8=1(CMS_HTML-1)";;"1"
"keywords";"beizutreten";;"&8=1(CMS_HTML-1)";;"1"
"keywords";"sei";;"&8=1(CMS_HTML-1)";;"1"
"keywords";"als";;"&8=1(CMS_HTML-1)&22=1(CMS_HTML-1)&9=1(CMS_HTML-1)&7=1(CMS_HTML-1)&11=1(CMS_HTML-1)&12=1(CMS_HTML-1)";;"1"
"keywords";"phpentwickler";;"&8=1(CMS_HTML-1)";;"1"
"keywords";"designer";;"&8=1(CMS_HTML-1)";;"1"
"keywords";"schriftsteller";;"&8=1(CMS_HTML-1)";;"1"
"keywords";"prberater";;"&8=1(CMS_HTML-1)";;"1"
"keywords";"sonstigen";;"&8=1(CMS_HTML-1)";;"1"
"keywords";"funktion";;"&8=1(CMS_HTML-1)";;"1"
"keywords";"melden";;"&8=1(CMS_HTML-1)";;"1"
"keywords";"mansveld";;"&8=1(CMS_HTML-1)";;"1"
"keywords";"sowie";;"&5=1(CMS_HTML-1)&22=2(CMS_HTML-1)";;"1"
"keywords";"seitencode";;"&5=1(CMS_HTML-1)";;"1"
"keywords";"suchmaschinenfreundliche";;"&6=1(CMS_HTML-1)";;"1"
"keywords";"bdquolebtrdquo";;"&8=1(CMS_HTML-1)";;"1"
"keywords";"kontakt";;"&21=2(CMS_HTMLHEAD-1,CMS_HTMLHEAD-2)";;"1"
"keywords";"uns";;"&21=1(CMS_HTMLHEAD-2)";;"1"
"keywords";"treten";;"&21=1(CMS_HTMLHEAD-2)&22=1(CMS_HTML-1)";;"1"
"keywords";"impressum";;"&22=1(CMS_HTMLHEAD-1)";;"1"
"keywords";"inhaltlich";;"&22=1(CMS_HTMLHEAD-2)";;"1"
"keywords";"verantwortlicher";;"&22=1(CMS_HTMLHEAD-2)";;"1"
"keywords";"110px";;"&22=1(CMS_TEXT-1000)&23=1(CMS_TEXT-1000)&24=1(CMS_TEXT-1000)&25=1(CMS_TEXT-1000)&26=1(CMS_TEXT-1000)&21=1(CMS_TEXT-1000)";;"1"
"keywords";"infodrugcmsorg";;"&22=1(CMS_HTML-1)";;"1"
"keywords";"haftungsausschluss";;"&22=2(CMS_HTML-1)";;"1"
"keywords";"inhalt";;"&22=3(CMS_HTML-1)";;"1"
"keywords";"onlineangebotes";;"&22=1(CMS_HTML-1)";;"1"
"keywords";"autor";;"&22=10(CMS_HTML-1)";;"1"
"keywords";"keinerlei";;"&22=2(CMS_HTML-1)";;"1"
"keywords";"korrektheit";;"&22=1(CMS_HTML-1)";;"1"
"keywords";"bereitgestellten";;"&22=1(CMS_HTML-1)";;"1"
"keywords";"gegen";;"&22=3(CMS_HTML-1)";;"1"
"keywords";"materieller";;"&22=1(CMS_HTML-1)";;"1"
"keywords";"ideeller";;"&22=1(CMS_HTML-1)";;"1"
"keywords";"beziehen";;"&22=1(CMS_HTML-1)";;"1"
"keywords";"nutzung";;"&22=5(CMS_HTML-1)";;"1"
"keywords";"nichtnutzung";;"&22=2(CMS_HTML-1)";;"1"
"keywords";"dargebotenen";;"&22=1(CMS_HTML-1)";;"1"
"keywords";"bzw";;"&22=2(CMS_HTML-1)&9=1(CMS_HTML-1)";;"1"
"keywords";"fehlerhafter";;"&22=1(CMS_HTML-1)";;"1"
"keywords";"verursacht";;"&22=1(CMS_HTML-1)";;"1"
"keywords";"wurden";;"&22=2(CMS_HTML-1)";;"1"
"keywords";"ausgeschlossen";;"&22=1(CMS_HTML-1)";;"1"
"keywords";"sofern";;"&22=3(CMS_HTML-1)";;"1"
"keywords";"seitens";;"&22=2(CMS_HTML-1)";;"1"
"keywords";"autors";;"&22=3(CMS_HTML-1)";;"1"
"keywords";"kein";;"&22=1(CMS_HTML-1)";;"1"
"keywords";"nachweislich";;"&22=1(CMS_HTML-1)";;"1"
"keywords";"verschulden";;"&22=1(CMS_HTML-1)";;"1"
"keywords";"vorliegt";;"&22=1(CMS_HTML-1)";;"1"
"keywords";"alle";;"&22=3(CMS_HTML-1)&9=1(CMS_HTML-1)";;"1"
"keywords";"angebote";;"&22=1(CMS_HTML-1)";;"1"
"keywords";"freibleibend";;"&22=1(CMS_HTML-1)";;"1"
"keywords";"unverbindlich";;"&22=1(CMS_HTML-1)";;"1"
"keywords";"vor";;"&22=1(CMS_HTML-1)";;"1"
"keywords";"gesamte";;"&22=1(CMS_HTML-1)";;"1"
"keywords";"angebot";;"&22=1(CMS_HTML-1)";;"1"
"keywords";"ohne";;"&22=3(CMS_HTML-1)";;"1"
"keywords";"gesonderte";;"&22=1(CMS_HTML-1)";;"1"
"keywords";"zeitweise";;"&22=1(CMS_HTML-1)";;"1"
"keywords";"einzustellen";;"&22=1(CMS_HTML-1)";;"1"
"keywords";"verweise";;"&22=2(CMS_HTML-1)";;"1"
"keywords";"links";;"&22=3(CMS_HTML-1)";;"1"
"keywords";"direkten";;"&22=1(CMS_HTML-1)";;"1"
"keywords";"indirekten";;"&22=1(CMS_HTML-1)";;"1"
"keywords";"verweisen";;"&22=1(CMS_HTML-1)";;"1"
"keywords";"fremde";;"&22=1(CMS_HTML-1)";;"1"
"keywords";"webseiten";;"&22=1(CMS_HTML-1)";;"1"
