"keywords";"on";;"&1=1(CMS_HTML-1)&5=2(CMS_HTML-1)&6=2(CMS_HTML-1)&9=2(CMS_HTML-1)&8=1(CMS_HTML-1)&22=1(CMS_HTML-1)";;"1"
"keywords";"pages";;"&1=1(CMS_HTML-1)&6=2(CMS_HTML-1)&22=5(CMS_HTML-1)";;"1"
"keywords";"demo";;"&1=1(CMS_HTML-1)";;"1"
"keywords";"client";;"&1=1(CMS_HTML-1)";;"1"
"keywords";"messages";;"&1=1(CMS_HTML-1)&22=2(CMS_HTML-1)";;"1"
"keywords";"below";;"&1=1(CMS_HTML-1)";;"1"
"keywords";"show";;"&1=1(CMS_HTML-1)&9=1(CMS_HTML-1)";;"1"
"keywords";"example";;"&1=1(CMS_HTML-1)&6=1(CMS_HTML-1)&12=1(CMS_HTMLHEAD-2)";;"1"
"keywords";"rss";;"&1=1(CMS_HTML-1)";;"1"
"keywords";"feed";;"&1=1(CMS_HTML-1)";;"1"
"keywords";"with";;"&1=2(CMS_HTML-1)&5=1(CMS_HTML-1)&8=1(CMS_HTML-1)&21=1(CMS_HTMLHEAD-2)&22=1(CMS_HTML-1)";;"1"
"keywords";"latest";;"&1=1(CMS_HTML-1)&5=1(CMS_HTML-1)";;"1"
"keywords";"about";;"&1=1(CMS_HTML-1)";;"1"
"keywords";"wish";;"&1=1(CMS_HTML-1)";;"1"
"keywords";"lots";;"&1=1(CMS_HTML-1)";;"1"
"keywords";"fun";;"&1=1(CMS_HTML-1)";;"1"
"keywords";"success";;"&1=1(CMS_HTML-1)";;"1"
"keywords";"our";;"&1=2(CMS_HTML-1)&4=1(CMS_HTML-1)";;"1"
"keywords";"questions";;"&1=1(CMS_HTML-1)";;"1"
"keywords";"please";;"&1=1(CMS_HTML-1)&8=1(CMS_HTML-1)&4=1(CMS_HTML-1)";;"1"
"keywords";"visit";;"&1=1(CMS_HTML-1)";;"1"
"keywords";"running";;"&1=1(CMS_HTMLHEAD-2)";;"1"
"keywords";"read";;"&5=1(CMS_HTMLHEAD-2)&16=1(CMS_LINKDESCR-1)";;"1"
"keywords";"here";;"&5=1(CMS_HTMLHEAD-2)";;"1"
"keywords";"distinguishes";;"&5=1(CMS_HTMLHEAD-2)";;"1"
"keywords";"professional";;"&5=1(CMS_HTML-1)";;"1"
"keywords";"yet";;"&5=1(CMS_HTML-1)";;"1"
"keywords";"free";;"&5=1(CMS_HTML-1)";;"1"
"keywords";"available";;"&5=1(CMS_HTML-1)&6=1(CMS_HTML-1)&22=1(CMS_HTML-1)&4=1(CMS_HTML-1)";;"1"
"keywords";"futureoriented";;"&5=1(CMS_HTML-1)";;"1"
"keywords";"uses";;"&5=2(CMS_HTML-1)";;"1"
"keywords";"technology";;"&5=1(CMS_HTML-1)";;"1"
"keywords";"combines";;"&5=1(CMS_HTML-1)";;"1"
"keywords";"many";;"&5=1(CMS_HTML-1)&6=2(CMS_HTML-1)";;"1"
"keywords";"capabilities";;"&5=1(CMS_HTML-1)";;"1"
"keywords";"other";;"&5=1(CMS_HTML-1)&22=2(CMS_HTML-1)";;"1"
"keywords";"systems";;"&5=1(CMS_HTML-1)";;"1"
"keywords";"offers";;"&5=1(CMS_HTML-1)&22=2(CMS_HTML-1)";;"1"
"keywords";"new";;"&5=1(CMS_HTML-1)&6=2(CMS_HTML-1)&8=1(CMS_HTML-1)";;"1"
"keywords";"features";;"&5=1(CMS_HTML-1)";;"1"
"keywords";"that";;"&5=1(CMS_HTML-1)&9=2(CMS_HTML-1)&4=1(CMS_HTMLHEAD-2)";;"1"
"keywords";"significantly";;"&5=1(CMS_HTML-1)";;"1"
"keywords";"simplify";;"&5=1(CMS_HTML-1)";;"1"
"keywords";"work";;"&5=1(CMS_HTML-1)&8=1(CMS_HTML-1)";;"1"
"keywords";"few";;"&5=1(CMS_HTML-1)";;"1"
"keywords";"advantages";;"&5=1(CMS_HTML-1)";;"1"
"keywords";"are";;"&5=1(CMS_HTML-1)&6=4(CMS_HTML-1)&9=2(CMS_HTML-1)&8=1(CMS_HTML-1)&22=3(CMS_HTML-1)";;"1"
"keywords";"easy";;"&5=1(CMS_HTML-1)";;"1"
"keywords";"maintenance";;"&5=1(CMS_HTML-1)";;"1"
"keywords";"through";;"&5=1(CMS_HTML-1)&6=2(CMS_HTML-1)&8=1(CMS_HTML-1)";;"1"
"keywords";"backup";;"&5=1(CMS_HTML-1)";;"1"
"keywords";"restore";;"&5=1(CMS_HTML-1)";;"1"
"keywords";"database";;"&5=2(CMS_HTML-1)";;"1"
"keywords";"at";;"&5=1(CMS_HTML-1)&4=1(CMS_HTML-1)&6=1(CMS_HTML-1)";;"1"
"keywords";"fingertips";;"&5=1(CMS_HTML-1)";;"1"
"keywords";"output";;"&5=3(CMS_HTML-1)";;"1"
"keywords";"javascript";;"&5=2(CMS_HTML-1)";;"1"
"keywords";"files";;"&5=3(CMS_HTML-1)&13=1(CMS_HTML-1)";;"1"
"keywords";"page";;"&5=2(CMS_HTML-1)&22=1(CMS_HTML-1)&4=3(CMS_HTMLHEAD-1,CMS_HTML-1)";;"1"
"keywords";"code";;"&5=1(CMS_HTML-1)";;"1"
"keywords";"compressed";;"&5=2(CMS_HTML-1)";;"1"
"keywords";"faster";;"&5=1(CMS_HTML-1)";;"1"
"keywords";"less";;"&5=1(CMS_HTML-1)";;"1"
"keywords";"bandwidth";;"&5=1(CMS_HTML-1)";;"1"
"keywords";"insertion";;"&5=1(CMS_HTML-1)";;"1"
"keywords";"qr";;"&5=1(CMS_HTML-1)";;"1"
"keywords";"codes";;"&5=1(CMS_HTML-1)";;"1"
"keywords";"address";;"&5=1(CMS_HTML-1)";;"1"
"keywords";"or";;"&5=1(CMS_HTML-1)&6=1(CMS_HTML-1)&9=1(CMS_HTML-1)&8=1(CMS_HTML-1)&22=19(CMS_HTML-1)&4=1(CMS_HTML-1)";;"1"
"keywords";"entered";;"&5=1(CMS_HTML-1)";;"1"
"keywords";"developers";;"&5=1(CMS_HTML-1)&8=1(CMS_HTML-1)";;"1"
"keywords";"directly";;"&5=1(CMS_HTML-1)&6=1(CMS_HTML-1)";;"1"
"keywords";"moved";;"&5=1(CMS_HTML-1)";;"1"
"keywords";"head";;"&5=1(CMS_HTML-1)";;"1"
"keywords";"section";;"&5=1(CMS_HTML-1)";;"1"
"keywords";"even";;"&5=1(CMS_HTML-1)";;"1"
"keywords";"adjustable";;"&5=1(CMS_HTML-1)";;"1"
"keywords";"modules";;"&5=1(CMS_HTML-1)&6=2(CMS_HTML-1)&7=2(CMS_HTML-1)&12=3(CMS_HTMLHEAD-1,CMS_HTMLHEAD-2,CMS_HTML-1)";;"1"
"keywords";"be";;"&5=1(CMS_HTML-1)&6=4(CMS_HTML-1)&7=1(CMS_HTMLHEAD-2)&22=7(CMS_HTML-1)";;"1"
"keywords";"swapped";;"&5=1(CMS_HTML-1)";;"1"
"keywords";"out";;"&5=1(CMS_HTML-1)&6=1(CMS_HTML-1)";;"1"
"keywords";"into";;"&5=2(CMS_HTML-1)&8=1(CMS_HTML-1)";;"1"
"keywords";"easier";;"&5=1(CMS_HTML-1)";;"1"
"keywords";"editing";;"&5=1(CMS_HTML-1)";;"1"
"keywords";"later";;"&5=1(CMS_HTML-1)&4=1(CMS_HTML-1)";;"1"
"keywords";"synchronized";;"&5=1(CMS_HTML-1)";;"1"
"keywords";"plugin";;"&5=1(CMS_HTML-1)&6=2(CMS_HTML-1)";;"1"
"keywords";"templates";;"&5=1(CMS_HTML-1)";;"1"
"keywords";"contain";;"&5=1(CMS_HTML-1)";;"1"
"keywords";"statements";;"&5=1(CMS_HTML-1)";;"1"
"keywords";"similar";;"&14=1(CMS_HTML-1)";;"1"
"keywords";"possibilities";;"&6=1(CMS_HTMLHEAD-2)";;"1"
"keywords";"does";;"&6=1(CMS_HTMLHEAD-2)";;"1"
"keywords";"offer";;"&6=1(CMS_HTMLHEAD-2)";;"1"
"keywords";"roughly";;"&6=1(CMS_HTML-1)";;"1"
"keywords";"consists";;"&6=1(CMS_HTML-1)";;"1"
"keywords";"two";;"&6=1(CMS_HTML-1)";;"1"
"keywords";"actual";;"&6=1(CMS_HTML-1)&15=1(CMS_HTML-1)";;"1"
"keywords";"site";;"&6=1(CMS_HTML-1)&22=1(CMS_HTML-1)";;"1"
"keywords";"visitors";;"&6=1(CMS_HTML-1)&22=1(CMS_HTML-1)";;"1"
"keywords";"displayed";;"&9=2(CMS_HTML-1)";;"1"
"keywords";"admin";;"&6=1(CMS_HTML-1)";;"1"
"keywords";"interface";;"&6=1(CMS_HTML-1)";;"1"
"keywords";"both";;"&6=1(CMS_HTML-1)";;"1"
"keywords";"parts";;"&6=1(CMS_HTML-1)&8=1(CMS_HTML-1)&22=2(CMS_HTML-1)";;"1"
"keywords";"extended";;"&6=3(CMS_HTML-1)&7=1(CMS_HTMLHEAD-2)&22=1(CMS_HTML-1)";;"1"
"keywords";"simple";;"&6=1(CMS_HTML-1)&9=2(CMS_HTMLHEAD-2,CMS_HTML-1)";;"1"
"keywords";"way";;"&6=1(CMS_HTML-1)&8=1(CMS_HTML-1)";;"1"
"keywords";"use";;"&6=2(CMS_HTML-1)&22=6(CMS_HTML-1)&4=1(CMS_HTML-1)";;"1"
"keywords";"gallery";;"&6=1(CMS_HTML-1)&7=1(CMS_HTML-1)&12=1(CMS_HTML-1)&9=8(CMS_HTMLHEAD-1,CMS_HTMLHEAD-2,CMS_HTML-1)";;"1"
"keywords";"seo";;"&6=1(CMS_HTML-1)";;"1"
"keywords";"url";;"&6=1(CMS_HTML-1)";;"1"
"keywords";"which";;"&6=3(CMS_HTML-1)&9=1(CMS_HTML-1)&22=2(CMS_HTML-1)";;"1"
"keywords";"generates";;"&6=1(CMS_HTML-1)";;"1"
"keywords";"socalled";;"&6=1(CMS_HTML-1)";;"1"
"keywords";"clean";;"&6=1(CMS_HTML-1)";;"1"
"keywords";"urls";;"&6=1(CMS_HTML-1)";;"1"
"keywords";"search";;"&6=1(CMS_HTML-1)";;"1"
"keywords";"engine";;"&6=1(CMS_HTML-1)";;"1"
"keywords";"friendly";;"&6=1(CMS_HTML-1)";;"1"
"keywords";"addresses";;"&6=1(CMS_HTML-1)&22=4(CMS_HTML-1)";;"1"
"keywords";"newsletter";;"&6=2(CMS_HTML-1)";;"1"
"keywords";"allows";;"&6=1(CMS_HTML-1)";;"1"
"keywords";"send";;"&6=1(CMS_HTML-1)";;"1"
"keywords";"newsletters";;"&6=1(CMS_HTML-1)";;"1"
"keywords";"from";;"&6=1(CMS_HTML-1)&15=1(CMS_HTML-1)&9=3(CMS_HTML-1)&8=1(CMS_HTML-1)&22=3(CMS_HTML-1)";;"1"
"keywords";"extensions";;"&6=3(CMS_HTML-1)&7=1(CMS_HTMLHEAD-1)";;"1"
"keywords";"no";;"&6=2(CMS_HTML-1)&4=1(CMS_HTML-1)";;"1"
"keywords";"visual";;"&6=1(CMS_HTML-1)";;"1"
"keywords";"impact";;"&6=1(CMS_HTML-1)";;"1"
"keywords";"themselves";;"&6=1(CMS_HTML-1)";;"1"
"keywords";"will";;"&22=2(CMS_HTML-1)";;"1"
"keywords";"if";;"&6=2(CMS_HTML-1)&8=2(CMS_HTML-1)&22=5(CMS_HTML-1)";;"1"
"keywords";"necessary";;"&6=1(CMS_HTML-1)";;"1"
"keywords";"such";;"&6=1(CMS_HTML-1)&22=1(CMS_HTML-1)";;"1"
"keywords";"as";;"&6=2(CMS_HTML-1)&7=1(CMS_HTML-1)&11=1(CMS_HTML-1)&12=1(CMS_HTML-1)&9=1(CMS_HTML-1)&8=1(CMS_HTML-1)&22=2(CMS_HTML-1)";;"1"
"keywords";"subscription";;"&6=1(CMS_HTML-1)";;"1"
"keywords";"via";;"&6=1(CMS_HTML-1)";;"1"
"keywords";"associated";;"&6=1(CMS_HTML-1)";;"1"
"keywords";"there";;"&6=2(CMS_HTML-1)&22=1(CMS_HTML-1)";;"1"
"keywords";"already";;"&6=2(CMS_HTML-1)";;"1"
"keywords";"individual";;"&6=1(CMS_HTML-1)&22=1(CMS_HTML-1)";;"1"
"keywords";"variety";;"&6=1(CMS_HTML-1)";;"1"
"keywords";"tasks";;"&6=2(CMS_HTML-1)";;"1"
"keywords";"most";;"&6=1(CMS_HTML-1)";;"1"
"keywords";"cases";;"&6=1(CMS_HTML-1)";;"1"
"keywords";"itself";;"&6=1(CMS_HTML-1)";;"1"
"keywords";"prepared";;"&6=1(CMS_HTML-1)&7=1(CMS_HTML-1)&11=1(CMS_HTML-1)&12=1(CMS_HTML-1)";;"1"
"keywords";"almost";;"&6=1(CMS_HTML-1)";;"1"
"keywords";"daily";;"&6=1(CMS_HTML-1)";;"1"
"keywords";"added";;"&6=1(CMS_HTML-1)";;"1"
"keywords";"partly";;"&6=1(CMS_HTML-1)&22=1(CMS_HTML-1)";;"1"
"keywords";"suitable";;"&6=1(CMS_HTML-1)";;"1"
"keywords";"extension";;"&6=1(CMS_HTML-1)";;"1"
"keywords";"needs";;"&6=1(CMS_HTML-1)";;"1"
"keywords";"customize";;"&6=1(CMS_HTML-1)";;"1"
"keywords";"existing";;"&6=1(CMS_HTML-1)";;"1"
"keywords";"develop";;"&6=1(CMS_HTML-1)";;"1"
"keywords";"one";;"&6=1(CMS_HTML-1)&22=1(CMS_HTML-1)";;"1"
"keywords";"following";;"&7=1(CMS_HTML-1)&11=1(CMS_HTML-1)&12=1(CMS_HTML-1)";;"1"
